date,cnt,t1,t2,hum,wind_speed,weather_code,is_holiday,is_weekend,season
1/4/15,384.75,2.479166667,0.645833333,94.27083333,7.5,3,0,1,3
1/5/15,848.83,8.041666667,6.708333333,80.3125,8.854166667,3,0,0,3
1/6/15,858.88,7.854166667,5.333333333,78.89583333,16,1,0,0,3
1/7/15,915.83,7.456521739,4.5,78.10869565,19.76086957,2,0,0,3
1/8/15,650.04,9.75,7.791666667,79.3125,20.47916667,[2 7],0,0,3
1/9/15,921.00,12.72916667,12.33333333,74.85416667,32.91666667,3,0,0,3
1/10/15,612.88,10.47916667,8.708333333,66.125,34.3125,3,0,1,3
1/11/15,607.29,6.645833333,2.458333333,67.58333333,26.5625,1,0,1,3
1/12/15,716.63,11.125,9.75,76.58333333,28.1875,7,0,0,3
1/13/15,1029.04,8.604166667,6.083333333,75.8125,21.20833333,7,0,0,3
1/14/15,981.88,6.5,2.479166667,67.125,25.75,2,0,0,3
1/15/15,957.00,8.833333333,5.625,66.45833333,31.16666667,2,0,0,3
1/16/15,944.29,5.791666667,2.541666667,66.22916667,17.45833333,1,0,0,3
1/17/15,636.17,3.791666667,0.5625,75.10416667,13.58333333,1,0,1,3
1/18/15,549.96,3.395833333,1.916666667,84.33333333,6.979166667,7,0,1,3
1/19/15,959.75,2.416666667,0.791666667,80,6.1875,3,0,0,3
1/20/15,968.63,2.0625,-0.166666667,81.95833333,9.166666667,1,0,0,3
1/21/15,949.25,3.041666667,-0.375,84.27083333,14.72916667,4,0,0,3
1/22/15,969.92,2.583333333,1.041666667,74.47916667,6.729166667,3,0,0,3
1/23/15,912.17,2.708333333,-0.020833333,79.41666667,12.41666667,1,0,0,3
1/24/15,730.79,5.708333333,2.333333333,72.72916667,18.0625,1,0,1,3
1/25/15,628.92,5.520833333,2.3125,77.375,16.16666667,3,0,1,3
1/26/15,946.25,8.5625,5.729166667,75.20833333,18.95833333,3,0,0,3
1/27/15,1041.67,6.958333333,4.145833333,72.375,15.29166667,1,0,0,3
1/28/15,897.33,6.979166667,2.916666667,71.02083333,29.14583333,1,0,0,3
1/29/15,886.46,3.770833333,-1.25,73.52083333,26.5625,2,0,0,3
1/30/15,882.13,3.979166667,0.1875,77.08333333,17.47916667,3,0,0,3
1/31/15,427.08,3.416666667,-0.916666667,77.91666667,20.125,7,0,1,3
2/1/15,471.04,3.791666667,-0.895833333,67,24.77083333,3,0,1,3
2/2/15,901.67,1.25,-2.395833333,64.85416667,12.625,1,0,0,3
2/3/15,827.88,2.166666667,-1.041666667,85.5,11.83333333,3,0,0,3
2/4/15,910.42,2.875,-0.520833333,80.6875,14.125,3,0,0,3
2/5/15,883.33,2.895833333,-0.916666667,78.10416667,16.02083333,2,0,0,3
2/6/15,873.13,2.6875,-1.666666667,69.85416667,19.27083333,2,0,0,3
2/7/15,547.88,3.75,1.020833333,83.02083333,11.3125,3,0,1,3
2/8/15,657.42,5.4375,3.145833333,76.20833333,10.25,2,0,1,3
2/9/15,994.08,5.708333333,3.854166667,81.4375,9.208333333,2,0,0,3
2/10/15,1024.30,5.5,4.369565217,79.60869565,6.47826087,4,0,0,3
2/11/15,986.67,5.041666667,3.166666667,77.4375,7.645833333,4,0,0,3
2/12/15,967.79,3.979166667,2.375,73.125,7.208333333,4,0,0,3
2/13/15,737.46,6.979166667,4.020833333,84.54166667,17.8125,7,0,0,3
2/14/15,600.96,7.3125,5.104166667,88.6875,12.375,3,0,1,3
2/15/15,706.33,6.6875,5.333333333,86.16666667,7.333333333,3,0,1,3
2/16/15,682.54,6.041666667,4.0625,89.70833333,9.75,7,0,0,3
2/17/15,1044.33,5.854166667,3.479166667,68.70833333,12.1875,[1 2],0,0,3
2/18/15,1047.17,6.395833333,3.729166667,71.27083333,15.16666667,1,0,0,3
2/19/15,704.08,7.270833333,3.895833333,81.5,21.125,7,0,0,3
2/20/15,863.13,6.645833333,4.8125,81.33333333,9.416666667,2,0,0,3
2/21/15,674.92,4.8125,1.625,76.33333333,16.20833333,2,0,1,3
2/22/15,378.58,5.125,1.416666667,80.91666667,21.25,1,0,1,3
2/23/15,906.83,6.9375,2.9375,66.85416667,25.875,2,0,0,3
2/24/15,987.00,7.1875,3.145833333,66.14583333,27,2,0,0,3
2/25/15,899.67,9.083333333,7.666666667,77.3125,11.10416667,2,0,0,3
2/26/15,834.83,9.25,7.4375,81.72916667,16.91666667,7,0,0,3
2/27/15,1015.29,5.9375,3.104166667,66.27083333,14.3125,1,0,0,3
2/28/15,563.71,8.6875,5.75,83.58333333,23.08333333,3,0,1,3
3/1/15,651.71,9.1875,6.416666667,66.6875,29.58333333,2,0,1,0
3/2/15,927.42,6.0625,1.729166667,62.8125,28.3125,1,0,0,0
3/3/15,993.54,6.583333333,2.854166667,64.1875,23.04166667,2,0,0,0
3/4/15,1020.21,6.6875,3.270833333,64.66666667,20.20833333,1,0,0,0
3/5/15,1037.33,7.5,5.208333333,65.27083333,16.6875,1,0,0,0
3/6/15,1055.71,9.104166667,7.1875,63.29166667,17.52083333,1,0,0,0
3/7/15,1140.21,11.04166667,9.645833333,64.3125,18.39583333,1,0,1,0
3/8/15,834.04,10.04166667,9.041666667,78.85416667,14.22916667,2,0,1,0
3/9/15,1001.54,8.354166667,6.416666667,82.83333333,14.3125,3,0,0,0
3/10/15,1153.08,8.916666667,7.395833333,65.45833333,10.625,1,0,0,0
3/11/15,1142.46,8.75,7.604166667,73.72916667,11.22916667,1,0,0,0
3/12/15,1172.13,10,8.958333333,56.20833333,13.58333333,1,0,0,0
3/13/15,1070.83,8.5,6.625,61.27083333,17.77083333,1,0,0,0
3/14/15,754.21,6.145833333,2.958333333,66.97916667,17.95833333,4,0,1,0
3/15/15,444.25,6.3125,3.3125,82.20833333,16.3125,7,0,1,0
3/16/15,826.00,7,4.520833333,81.77083333,13.6875,[3 7],0,0,0
3/17/15,1074.17,8.479166667,7.166666667,85.875,10.20833333,[2 7],0,0,0
3/18/15,1101.63,6.895833333,4.583333333,80.0625,12.20833333,3,0,0,0
3/19/15,1003.21,7.25,4.541666667,79.14583333,15.08333333,4,0,0,0
3/20/15,1051.08,7.541666667,5.833333333,75.47916667,9.854166667,1,0,0,0
3/21/15,671.50,7.625,4.895833333,72.04166667,16.47916667,3,0,1,0
3/22/15,775.75,5.854166667,3.333333333,67.72916667,12.39583333,3,0,1,0
3/23/15,1066.33,8,6.479166667,66.16666667,11.91666667,2,0,0,0
3/24/15,1003.46,7.541666667,5.916666667,69.8125,9.354166667,7,0,0,0
3/25/15,1069.67,6.208333333,4.645833333,67.08333333,7.9375,1,0,0,0
3/26/15,846.04,8.416666667,6.1875,70.375,20.83333333,1,0,0,0
3/27/15,1097.83,8.833333333,6.916666667,60.5,15.72916667,1,0,0,0
3/28/15,791.08,11.5625,11.14583333,80.125,22.89583333,3,0,1,0
3/29/15,373.57,11.30434783,10.08695652,77.44565217,30.77173913,7,0,1,0
3/30/15,921.08,9.625,7.395833333,64.5625,26.33333333,2,0,0,0
3/31/15,1130.10,10.85,9.7,55.15,41.9,[1 2 3 7],0,0,0
4/1/15,980.79,8.5,4.9375,59.85416667,31.70833333,2,0,0,0
4/2/15,945.08,9.0625,7.125,66.35416667,14.8125,1,0,0,0
4/3/15,470.75,9.395833333,8.583333333,88.08333333,7.916666667,7,1,0,0
4/4/15,559.30,8.869565217,7.02173913,77.69565217,12.26086957,3,0,1,0
4/5/15,807.04,8.791666667,8.270833333,71.125,7.020833333,3,0,1,0
4/6/15,1059.96,9.25,7.770833333,73.58333333,13.35416667,[1 3],1,0,0
4/7/15,1226.71,11.08333333,10.91666667,68.0625,6.604166667,1,0,0,0
4/8/15,1276.79,11.75,11.375,73.95833333,11.02083333,1,0,0,0
4/9/15,1313.33,10.5,9.5625,79.3125,10.5625,1,0,0,0
4/10/15,1335.50,13.04166667,12.54166667,68,11.91666667,1,0,0,0
4/11/15,1046.38,11.625,11.125,58.91666667,21.6875,1,0,1,0
4/12/15,1216.83,11.79166667,10.91666667,58.64583333,20.20833333,1,0,1,0
4/13/15,1168.67,11.60416667,11.16666667,68.77083333,9.729166667,[3 4],0,0,0
4/14/15,1438.29,15.64583333,14.89583333,60.77083333,17.16666667,1,0,0,0
4/15/15,1561.25,17.54166667,17.20833333,51.89583333,14.0625,1,0,0,0
4/16/15,1270.38,11.6875,10.89583333,66.95833333,19.625,1,0,0,0
4/17/15,1241.50,10.58333333,8.916666667,63.625,23.64583333,1,0,0,0
4/18/15,1233.13,9.645833333,8.145833333,63.875,22.58333333,2,0,1,0
4/19/15,822.33,8.416666667,6.666666667,67.8125,11.60416667,[3 4],0,1,0
4/20/15,1335.71,11.0625,10.4375,64.4375,13.85416667,1,0,0,0
4/21/15,1454.50,11.375,10.85416667,61.60416667,12.75,1,0,0,0
4/22/15,1349.21,10.39583333,9.479166667,72.47916667,16.85416667,1,0,0,0
4/23/15,1365.54,10.39583333,9.020833333,71.66666667,13.20833333,1,0,0,0
4/24/15,1337.58,13.02083333,12.6875,68.64583333,14.16666667,1,0,0,0
4/25/15,1049.75,14.14583333,14.14583333,75.14583333,18.39583333,7,0,1,0
4/26/15,809.46,9.645833333,8.291666667,83.33333333,11.1875,3,0,1,0
4/27/15,1270.38,9.270833333,8.375,55.58333333,10.47916667,1,0,0,0
4/28/15,1324.29,9.708333333,7.875,53.47916667,23.04166667,1,0,0,0
4/29/15,1084.58,9.854166667,8,71.3125,18.64583333,[1 2 7],0,0,0
4/30/15,1317.54,10.75,9.4375,57.75,18.29166667,1,0,0,0
5/1/15,1232.46,9.083333333,7.229166667,64.25,18.875,2,0,0,0
5/2/15,926.29,9.75,8.4375,74.52083333,21.0625,1,0,1,0
5/3/15,881.88,14.5625,14.5,80.375,21.75,3,0,1,0
5/4/15,1116.46,14.60416667,14.60416667,67.20833333,18.8125,2,1,0,0
5/5/15,1103.67,14.64583333,14.64583333,69.35416667,31.04166667,2,0,0,0
5/6/15,1018.25,12.5,12.25,70.54166667,32.16666667,7,0,0,0
5/7/15,1297.67,13.16666667,13.10416667,62.3125,19.625,2,0,0,0
5/8/15,1119.92,13.08333333,12.97916667,71.16666667,12.10416667,1,0,0,0
5/9/15,1158.75,14.8125,14.8125,59.39583333,26.27083333,3,0,1,0
5/10/15,1342.75,14.77083333,14.64583333,66.58333333,13.6875,2,0,1,0
5/11/15,1404.96,17.33333333,17.33333333,64.52083333,17.25,1,0,0,0
5/12/15,1409.17,14.5625,14.5625,53.41666667,23.22916667,1,0,0,0
5/13/15,1529.13,13.75,13.35416667,56.47916667,11.66666667,1,0,0,0
5/14/15,650.38,9.895833333,7.895833333,84.95833333,21.375,7,0,0,0
5/15/15,1347.63,11.79166667,11.02083333,69.54166667,14.0625,2,0,0,0
5/16/15,1355.25,15.14583333,15.14583333,59.875,19.91666667,1,0,1,0
5/17/15,1305.13,13.58333333,13.25,56.39583333,17.16666667,1,0,1,0
5/18/15,1012.00,12.41666667,11.97916667,68.29166667,25.10416667,2,0,0,0
5/19/15,1180.46,10.91666667,9.5,63.125,24.27083333,2,0,0,0
5/20/15,1272.25,11.52083333,10.45833333,61.1875,18.6875,1,0,0,0
5/21/15,1451.38,14.625,14.02083333,53.02083333,15.75,1,0,0,0
5/22/15,1393.13,15.6875,15.39583333,65.70833333,13.66666667,1,0,0,0
5/23/15,993.71,14.66666667,14.66666667,68.9375,15.02083333,3,0,1,0
5/24/15,1250.75,15.79166667,15.79166667,64.3125,11.47916667,3,0,1,0
5/25/15,1229.25,13.75,13.75,60.875,13.60416667,2,1,0,0
5/26/15,1450.38,14.91666667,14.91666667,60.0625,14.60416667,1,0,0,0
5/27/15,1516.96,14.79166667,14.54166667,56.41666667,16.6875,1,0,0,0
5/28/15,1432.79,15.04166667,15.04166667,49.9375,23.20833333,1,0,0,0
5/29/15,1084.29,12.375,12.375,64.04166667,22.20833333,2,0,0,0
5/30/15,1216.92,13.08333333,12.41666667,57.77083333,17.83333333,1,0,1,0
5/31/15,624.92,13.85416667,13.85416667,72.875,22.33333333,7,0,1,0
6/1/15,1161.00,12.10416667,11.4375,62.83333333,23.64583333,2,0,0,1
6/2/15,1164.13,15.66666667,15.66666667,75.02083333,33.52083333,3,0,0,1
6/3/15,1474.04,16.125,16.125,53.0625,17.58333333,1,0,0,1
6/4/15,1643.79,17,16.83333333,56.33333333,12.85416667,1,0,0,1
6/5/15,1645.86,19.83333333,19.83333333,63.5,19.45238095,1,0,0,1
6/6/15,1367.50,15.27083333,15.22916667,51.1875,23.79166667,1,0,1,1
6/7/15,1475.29,15,14.91666667,55.97916667,12.52083333,1,0,1,1
6/8/15,1357.79,13.60416667,13.54166667,63.85416667,13.54166667,1,0,0,1
6/9/15,1385.63,12.04166667,11.3125,59.1875,21.02083333,2,0,0,1
6/10/15,1487.79,13.97916667,13.8125,57.83333333,21.95833333,2,0,0,1
6/11/15,1617.00,16.8125,16.6875,63.10416667,20.41666667,1,0,0,1
6/12/15,1465.50,18.75,18.75,69.58333333,12.20833333,1,0,0,1
6/13/15,1262.42,17.45833333,17.45833333,77.35416667,18.33333333,4,0,1,1
6/14/15,1051.46,14.85416667,14.85416667,78.5,13.14583333,3,0,1,1
6/15/15,1439.92,14.27083333,14.27083333,64.70833333,16.875,2,0,0,1
6/16/15,1580.13,17.04166667,16.89583333,58.54166667,8.125,1,0,0,1
6/17/15,1607.96,19.64583333,19.64583333,65.54166667,21.91666667,1,0,0,1
6/18/15,1611.96,17.875,17.875,57.25,18.08333333,1,0,0,1
6/19/15,1498.58,16.35416667,16.35416667,58.54166667,16.02083333,2,0,0,1
6/20/15,1095.63,16.64583333,16.64583333,74.8125,9.75,3,0,1,1
6/21/15,1266.38,17.45833333,17.45833333,62.6875,23.04166667,3,0,1,1
6/22/15,1231.54,14.6875,14.6875,70.85416667,20.91666667,2,0,0,1
6/23/15,1561.33,15.8125,15.8125,60.4375,14.10416667,3,0,0,1
6/24/15,1622.50,18.625,18.4375,57.20833333,16.08333333,1,0,0,1
6/25/15,1611.38,19.64583333,19.58333333,56.97916667,13.54166667,1,0,0,1
6/26/15,1542.46,20.60416667,20.60416667,55.25,15.91666667,1,0,0,1
6/27/15,1524.21,19.54166667,19.20833333,57.35416667,17,1,0,1,1
6/28/15,1071.08,19.125,19.125,64.25,15.33333333,2,0,1,1
6/29/15,1628.42,20.58333333,20.45833333,54.64583333,13.41666667,1,0,0,1
6/30/15,1805.25,22.375,22,50.35416667,14.89583333,1,0,0,1
7/1/15,1776.71,27.375,27.4375,50.97916667,17.3125,1,0,0,1
7/2/15,1594.25,22.29166667,22.29166667,64.5625,15.20833333,1,0,0,1
7/3/15,1650.46,19.91666667,19.875,63.66666667,17.45833333,1,0,0,1
7/4/15,1595.13,22.22916667,22.22916667,66.16666667,17.4375,1,0,1,1
7/5/15,1238.17,18.64583333,18.60416667,64.66666667,13.72916667,[1 2],0,1,1
7/6/15,1609.17,18.97916667,18.72916667,58.97916667,15.47916667,1,0,0,1
7/7/15,1579.50,19.45833333,19.35416667,58.125,21.52083333,1,0,0,1
7/8/15,1737.63,17.8125,17.8125,62.4375,23.83333333,3,0,0,1
7/9/15,3021.00,17.79166667,17.54166667,48.97916667,12.97916667,1,0,0,1
7/10/15,1782.46,20.83333333,20.33333333,47.22916667,12.85416667,1,0,0,1
7/11/15,1753.79,21.375,21.29166667,54.22916667,17.41666667,1,0,1,1
7/12/15,968.33,18.52083333,18.52083333,75.47916667,21.6875,3,0,1,1
7/13/15,1170.43,18.95652174,18.95652174,81.45652174,20.04347826,3,0,0,1
7/14/15,1472.83,19.41666667,19.41666667,76.64583333,15.97916667,3,0,0,1
7/15/15,1440.58,19.64583333,19.64583333,76.91666667,12,3,0,0,1
7/16/15,1637.75,19.91666667,19.91666667,65.47916667,22.04166667,3,0,0,1
7/17/15,1604.38,20.4375,20.4375,62.70833333,19.95833333,2,0,0,1
7/18/15,1603.79,18.70833333,18.45833333,53.95833333,17.58333333,1,0,1,1
7/19/15,1528.88,20,19.70833333,49.29166667,18.97916667,1,0,1,1
7/20/15,1293.48,19.14285714,19.14285714,77.88095238,13.35714286,3,0,0,1
7/21/15,1695.67,20.39583333,20.39583333,58.35416667,22.39583333,1,0,0,1
7/22/15,1579.79,19.33333333,19.22916667,60.95833333,17.75,2,0,0,1
7/23/15,1628.83,18.16666667,18.125,56.52083333,13.5625,1,0,0,1
7/24/15,668.08,15.85416667,15.85416667,75.41666667,11.45833333,7,0,0,1
7/25/15,1358.67,16.6875,16.6875,61.70833333,19.91666667,1,0,1,1
7/26/15,516.58,15.45833333,15.45833333,77.625,16.25,1,0,1,1
7/27/15,1329.33,17.77083333,17.77083333,67.1875,28.20833333,3,0,0,1
7/28/15,1504.21,17.125,17.125,58.79166667,27.85416667,2,0,0,1
7/29/15,1531.71,15.83333333,15.83333333,60.89583333,19.66666667,2,0,0,1
7/30/15,1506.04,15.9375,15.9375,60.20833333,14.85416667,2,0,0,1
7/31/15,1528.13,16.95833333,16.89583333,58.64583333,8.1875,1,0,0,1
8/1/15,1792.38,17.66666667,17.5625,55.6875,12.60416667,1,0,1,1
8/2/15,1803.96,19.79166667,19.54166667,57.77083333,12.5,1,0,1,1
8/3/15,1475.08,19.83333333,19.83333333,68.25,17.625,[1 3],0,0,1
8/4/15,1568.50,18.27083333,18.25,61,22.91666667,1,0,0,1
8/5/15,1615.42,18.375,18.35416667,64.5625,11.0625,1,0,0,1
8/6/15,2644.50,19.4375,19.4375,67.70833333,14.89583333,1,0,0,1
8/7/15,1645.25,19.52083333,19.52083333,62.70833333,8.958333333,2,0,0,1
8/8/15,1624.71,19.72916667,19.72916667,69.4375,11.04166667,1,0,1,1
8/9/15,1685.04,21.25,21.10416667,55.8125,12.27083333,1,0,1,1
8/10/15,1472.29,20.33333333,20.33333333,74.02083333,18.10416667,3,0,0,1
8/11/15,1429.92,18.3125,18.3125,64.5625,7.4375,2,0,0,1
8/12/15,1522.83,18.54166667,18.54166667,70.39583333,16.77083333,3,0,0,1
8/13/15,1082.25,18.9375,18.9375,83.89583333,15.14583333,4,0,0,1
8/14/15,1059.13,19.02083333,19.02083333,85.60416667,12.54166667,3,0,0,1
8/15/15,1405.79,17.58333333,17.58333333,63.29166667,13.5,1,0,1,1
8/16/15,1275.67,16.8125,16.8125,63.41666667,7,1,0,1,1
8/17/15,1487.29,17.8125,17.8125,55.77083333,9.666666667,1,0,0,1
8/18/15,1438.75,17.625,17.625,59.52083333,16.14583333,1,0,0,1
8/19/15,1318.33,17.9375,17.9375,68.5,15.08333333,2,0,0,1
8/20/15,1356.42,19.04166667,19.04166667,81.375,13.8125,3,0,0,1
8/21/15,1495.08,22.10416667,22.10416667,68.91666667,14.5625,[1 2],0,0,1
8/22/15,1841.13,23.20833333,23.1875,62.77083333,12.29166667,1,0,1,1
8/23/15,1125.04,19.5,19.5,68,16.85416667,1,0,1,1
8/24/15,725.00,15.83333333,15.83333333,87.45833333,13.375,7,0,0,1
8/25/15,1173.00,16.20833333,16.20833333,79.33333333,20.10416667,2,0,0,1
8/26/15,989.08,18.25,18.25,80.72916667,21.97916667,7,0,0,1
8/27/15,1272.00,16.77083333,16.77083333,73.04166667,17.5,2,0,0,1
8/28/15,1372.92,16.95833333,16.95833333,66.9375,15.8125,1,0,0,1
8/29/15,942.42,18.29166667,18.27083333,72.72916667,7.770833333,1,0,1,1
8/30/15,1040.50,17.83333333,17.83333333,80.3125,10.47916667,3,0,1,1
8/31/15,401.63,15.47916667,15.47916667,89.54166667,10.4375,7,1,0,1
9/1/15,1064.83,15.47916667,15.47916667,79.83333333,9.5,[2 3],0,0,2
9/2/15,1257.50,14.6875,14.6875,73.25,10.22916667,2,0,0,2
9/3/15,1289.58,13.9375,13.9375,68.75,12.95833333,2,0,0,2
9/4/15,1237.88,14.29166667,14.29166667,65.33333333,13.125,2,0,0,2
9/5/15,929.88,13.4375,13.4375,71.47916667,11.29166667,[3 4],0,1,2
9/6/15,1226.21,14.125,13.85416667,64.70833333,9.8125,1,0,1,2
9/7/15,1320.50,14.33333333,14.33333333,72.16666667,9.8125,1,0,0,2
9/8/15,1365.88,14.14583333,14.14583333,73.375,8.375,3,0,0,2
9/9/15,1379.83,15.8125,15.8125,71.64583333,14.08333333,3,0,0,2
9/10/15,1488.92,16.1875,16.1875,71.83333333,15,1,0,0,2
9/11/15,1508.64,16.56818182,16.56818182,71.95454545,16.84090909,1,0,0,2
9/12/15,1501.28,18.27777778,18.27777778,63.80555556,17.52777778,2,0,1,2
9/13/15,1090.25,14.02083333,14.02083333,73,10.95833333,1,0,1,2
9/14/15,1075.46,14.5,14.5,78.77083333,18.625,7,0,0,2
9/15/15,1169.42,14.25,14.25,74.95833333,18,2,0,0,2
9/16/15,777.21,13.75,13.75,89.66666667,13.41666667,7,0,0,2
9/17/15,1336.46,14.79166667,14.79166667,72.75,16.6875,2,0,0,2
9/18/15,1242.88,15.0625,15.0625,78.39583333,9.5,2,0,0,2
9/19/15,1383.74,15.19565217,15.19565217,70.95652174,6.97826087,1,0,1,2
9/20/15,1297.54,15.41666667,15.41666667,73.66666667,11.35416667,1,0,1,2
9/21/15,986.50,14.70833333,14.70833333,83.5625,13.45833333,2,0,0,2
9/22/15,851.42,12.41666667,12.41666667,83.14583333,12.5625,[1 7],0,0,2
9/23/15,1415.71,14.125,13.91666667,71.45833333,18.29166667,2,0,0,2
9/24/15,1224.83,15.58333333,15.58333333,71.6875,19.9375,2,0,0,2
9/25/15,1449.29,13.72916667,13.72916667,67.52083333,10.72916667,1,0,0,2
9/26/15,1359.83,13.1875,13.16666667,68.9375,8.5,1,0,1,2
9/27/15,1242.38,13.64583333,13.58333333,72.58333333,11.64583333,1,0,1,2
9/28/15,1380.75,13.97916667,13.97916667,74.1875,14.91666667,1,0,0,2
9/29/15,1434.83,14.75,14.75,70.10416667,16.35416667,1,0,0,2
9/30/15,1455.88,14.3125,14.3125,68.16666667,17.02083333,1,0,0,2
10/1/15,1440.08,14.25,14.25,71.875,15.77083333,1,0,0,2
10/2/15,1479.29,13.6875,13.6875,73.3125,10.72916667,1,0,0,2
10/3/15,1206.50,12.66666667,12.66666667,81.22916667,5.708333333,3,0,1,2
10/4/15,1245.17,13.33333333,13.10416667,72.83333333,9.854166667,[1 2],0,1,2
10/5/15,864.21,15.89583333,15.89583333,87.9375,13.75,7,0,0,2
10/6/15,1078.83,16.64583333,16.64583333,87.22916667,12.41666667,7,0,0,2
10/7/15,1192.88,14.875,14.875,81.9375,19.08333333,3,0,0,2
10/8/15,1403.17,12.39583333,11.8125,72.83333333,8.416666667,1,0,0,2
10/9/15,1391.57,12.56521739,12.5,76.76086957,6.913043478,1,0,0,2
10/10/15,1225.67,13,12.97916667,81.3125,11.125,2,0,1,2
10/11/15,1158.17,12.29166667,12.04166667,72.5625,13.20833333,1,0,1,2
10/12/15,1303.83,11.27083333,10.95833333,70.08333333,10,3,0,0,2
10/13/15,1117.44,10.58333333,9.416666667,73.41666667,14.52777778,[1 3],0,0,2
10/14/15,1274.13,10.47916667,9.8125,75.04166667,13.5,2,0,0,2
10/15/15,1286.42,11.22916667,10.5625,77.875,13.14583333,[2 3],0,0,2
10/16/15,1253.13,12.5,12.5,78.5625,16.47916667,3,0,0,2
10/17/15,1013.63,12.0625,12.0625,76.75,13.75,3,0,1,2
10/18/15,961.25,13.04166667,13.04166667,79.72916667,9.145833333,3,0,1,2
10/19/15,1248.00,12.72916667,12.72916667,79.1875,7.375,3,0,0,2
10/20/15,1363.25,11.54166667,11.25,75.52083333,8.020833333,2,0,0,2
10/21/15,788.42,12.5,12.29166667,88.4375,15.52083333,7,0,0,2
10/22/15,1263.58,13.97916667,13.97916667,69.91666667,16.91666667,3,0,0,2
10/23/15,1261.38,12.875,12.875,65.5,7.520833333,4,0,0,2
10/24/15,703.17,12.72916667,12.52083333,77.75,10.79166667,7,0,1,2
10/25/15,1005.78,9,7.826086957,75.69565217,8.507246377,1,0,1,2
10/26/15,1265.17,11.70833333,11,85.91666667,13.5625,3,0,0,2
10/27/15,1351.50,14.39583333,14.39583333,84.95833333,12.22916667,1,0,0,2
10/28/15,995.04,13.58333333,13.58333333,84.77083333,10.875,7,0,0,2
10/29/15,1139.13,13.41666667,13.27083333,87.79166667,13.39583333,2,0,0,2
10/30/15,998.75,14.6875,14.6875,82.04166667,13.58333333,[1 7],0,0,2
10/31/15,1144.33,12.375,12.375,87.89583333,9.75,1,0,1,2
11/1/15,952.00,9.208333333,8.854166667,97.6875,5.208333333,4,0,1,2
11/2/15,1168.04,10.5,10.04166667,95,9.166666667,[3 4],0,0,2
11/3/15,1279.58,11.89583333,11.70833333,88.625,9.041666667,3,0,0,2
11/4/15,977.58,13.47916667,13.47916667,88.54166667,8.395833333,2,0,0,2
11/5/15,1020.96,15.16666667,15.16666667,87.4375,14.33333333,3,0,0,2
11/6/15,1059.63,16.22916667,16.22916667,84.8125,18.125,3,0,0,2
11/7/15,620.04,15.77083333,15.77083333,83.64583333,22.89583333,7,0,1,2
11/8/15,781.42,14.16666667,14.0625,85.47916667,16.29166667,3,0,1,2
11/9/15,1186.42,13.875,13.875,73.97916667,27.04166667,3,0,0,2
11/10/15,1216.92,15.75,15.75,81.47916667,22.9375,3,0,0,2
11/11/15,1245.79,14.77083333,14.77083333,71.70833333,20.33333333,3,0,0,2
11/12/15,1206.75,14.25,14.25,81.1875,17.22916667,2,0,0,2
11/13/15,1052.17,10.66666667,8.833333333,66,27.9375,1,0,0,2
11/14/15,370.75,11.25,9.791666667,81.29166667,23.33333333,7,0,1,2
11/15/15,733.08,15.52083333,15.52083333,72.47916667,34.0625,3,0,1,2
11/16/15,1104.46,13.64583333,13.64583333,73.625,21.875,2,0,0,2
11/17/15,1034.91,14.77272727,14.77272727,77.38636364,29.20454545,7,0,0,2
11/18/15,1440.33,14.02777778,14.02777778,69.5,31.66666667,2,0,0,2
11/19/15,987.29,11.58333333,11.1875,80,21.52083333,7,0,0,2
11/20/15,1074.50,9.0625,6.104166667,67.5,22.3125,2,0,0,2
11/21/15,531.29,4.375,-0.375,68.02083333,26.25,1,0,1,2
11/22/15,546.58,3.520833333,0.791666667,74.66666667,10.66666667,1,0,1,2
11/23/15,996.17,5.041666667,2.729166667,74.95833333,11.14583333,1,0,0,2
11/24/15,882.29,9.041666667,6.229166667,83.70833333,19.91666667,7,0,0,2
11/25/15,1083.33,8.9375,6.9375,76.66666667,16.16666667,2,0,0,2
11/26/15,1109.42,9.395833333,8.520833333,86.3125,7.541666667,3,0,0,2
11/27/15,979.88,11.29166667,10.54166667,83.66666667,20.72916667,3,0,0,2
11/28/15,680.67,8.125,5.354166667,69.8125,27.25,1,0,1,2
11/29/15,474.67,12.04166667,12.04166667,72.04166667,34.08333333,3,0,1,2
11/30/15,909.48,12.02173913,11.47826087,77.52173913,26.06521739,3,0,0,2
12/1/15,1106.63,13.04166667,12.97916667,74.3125,20.25,3,0,0,3
12/2/15,1157.88,13.02083333,13.02083333,72.47916667,20.75,2,0,0,3
12/3/15,1079.13,12.91666667,12.91666667,76.9375,21.125,2,0,0,3
12/4/15,1081.50,11.04166667,9.979166667,70.27083333,25.0625,2,0,0,3
12/5/15,687.96,12.64583333,12.64583333,66.27083333,36.83333333,2,0,1,3
12/6/15,644.92,13.4375,13.4375,80.27083333,23.14583333,3,0,1,3
12/7/15,1072.25,13.3125,13.3125,81.54166667,14.47916667,3,0,0,3
12/8/15,976.25,12.27083333,11.70833333,73.75,20.75,1,0,0,3
12/9/15,1148.42,9.583333333,8.458333333,73.89583333,18.27083333,1,0,0,3
12/10/15,963.13,11.54166667,11.375,77.89583333,22.4375,3,0,0,3
12/11/15,969.13,10.08333333,8.875,76.04166667,20.375,[2 3],0,0,3
12/12/15,790.75,11.675,11.2,73.075,23.375,3,0,1,3
12/13/15,512.13,8.4375,6.9375,91.35416667,10.25,7,0,1,3
12/14/15,993.13,9.208333333,7.729166667,84.97916667,9.729166667,3,0,0,3
12/15/15,841.71,11.45833333,11.125,92.25,10.70833333,3,0,0,3
12/16/15,1064.92,14.47916667,14.47916667,81.6875,20.45833333,3,0,0,3
12/17/15,1075.17,14.3125,14.3125,72.45833333,18.9375,1,0,0,3
12/18/15,1072.08,13.10416667,13.10416667,79.04166667,17.1875,2,0,0,3
12/19/15,781.42,15.375,15.375,74.54166667,22.33333333,1,0,1,3
12/20/15,544.17,12.77083333,12.54166667,74.29166667,20.375,1,0,1,3
12/21/15,755.67,10.875,9.6875,77.54166667,22.60416667,1,0,0,3
12/22/15,727.42,14.1875,14.1875,80.66666667,31.39583333,7,0,0,3
12/23/15,768.79,11.35416667,11.08333333,69.04166667,23.16666667,2,0,0,3
12/24/15,371.17,10.91666667,9.895833333,68.3125,25.5625,[1 2 3],0,0,3
12/25/15,934.29,11.27083333,10.35416667,79.4375,18.04166667,7,1,0,3
12/26/15,426.25,14.72916667,14.72916667,74.08333333,27.41666667,3,0,1,3
12/27/15,390.75,14.33333333,14.33333333,81.14583333,22,3,0,1,3
12/28/15,572.17,11.72916667,11.5625,73.41666667,15.04166667,1,1,0,3
12/29/15,649.67,11.75,11.58333333,74.52083333,17.20833333,2,0,0,3
12/30/15,512.54,12.58333333,12.54166667,69.375,25.08333333,7,0,0,3
12/31/15,578.71,9.520833333,7.229166667,69.3125,23.39583333,2,0,0,3
1/1/16,408.21,6.5,3.729166667,82.5,16.72916667,1,1,0,3
1/2/16,299.79,10.5,9.395833333,87.02083333,21.60416667,7,0,1,3
1/3/16,202.88,8.645833333,6.354166667,83.5,16.1875,7,0,1,3
1/4/16,855.54,8.875,7.041666667,82.5625,12.5,2,0,0,3
1/5/16,950.21,8.979166667,7.895833333,85.66666667,8.4375,2,0,0,3
1/6/16,959.92,7.041666667,5.958333333,90.29166667,6.541666667,3,0,0,3
1/7/16,753.46,7.958333333,4.604166667,76.0625,24.22916667,7,0,0,3
1/8/16,865.08,7.354166667,5.083333333,77.9375,12.64583333,2,0,0,3
1/9/16,482.63,9.666666667,8.145833333,81.3125,18.04166667,7,0,1,3
1/10/16,596.67,7.25,4.166666667,75.375,18.91666667,1,0,1,3
1/11/16,878.83,7.041666667,4.229166667,82.60416667,16.52083333,3,0,0,3
1/12/16,949.96,6.1875,1.833333333,77.95833333,27.8125,[2 7],0,0,3
1/13/16,1024.42,5.833333333,2.479166667,71.47916667,18.10416667,1,0,0,3
1/14/16,924.42,4.479166667,-0.208333333,73.02083333,25.9375,[1 2],0,0,3
1/15/16,935.25,4,-0.291666667,70.02083333,21.4375,2,0,0,3
1/16/16,670.46,3.104166667,0.5625,75.625,9.5625,1,0,1,3
1/17/16,490.08,2.958333333,0.75,80.3125,9.0625,26,0,1,3
1/18/16,948.42,2.9375,0.125,75.375,11.4375,2,0,0,3
1/19/16,992.46,1.3125,0.958333333,68.52083333,2.770833333,1,0,0,3
1/20/16,991.67,1.5625,0.354166667,77.41666667,5.416666667,1,0,0,3
1/21/16,974.08,3.6875,1.1875,76.58333333,10.45833333,1,0,0,3
1/22/16,763.67,8.0625,5.604166667,79.89583333,15.35416667,1,0,0,3
1/23/16,717.42,8.666666667,6.729166667,83.6875,13.6875,1,0,1,3
1/24/16,681.67,12.4375,12.10416667,88.125,14.97916667,3,0,1,3
1/25/16,1071.83,12.1875,11.85416667,72.375,19.79166667,1,0,0,3
1/26/16,842.67,10.1875,8.979166667,80.33333333,27.20833333,7,0,0,3
1/27/16,904.50,12.08333333,11.5625,80.10416667,30.54166667,[3 7],0,0,3
1/28/16,1055.17,7.875,4.625,65.64583333,22.27083333,1,0,0,3
1/29/16,938.58,11.79166667,11.625,77.9375,33.79166667,3,0,0,3
1/30/16,682.54,8.270833333,5.125,67.85416667,27.04166667,1,0,1,3
1/31/16,459.13,10.04166667,8.770833333,79.16666667,22.5,3,0,1,3
2/1/16,983.58,12.77083333,12.60416667,68.125,34.9375,3,0,0,3
2/2/16,1021.42,9,5.333333333,61.1875,30.0625,2,0,0,3
2/3/16,1018.17,6.229166667,2.541666667,68.20833333,22.125,1,0,0,3
2/4/16,1048.08,10.29166667,8.979166667,76.70833333,21.97916667,3,0,0,3
2/5/16,941.54,10.85416667,10.4375,78.9375,22.33333333,3,0,0,3
2/6/16,546.92,11.04166667,9.708333333,75.75,31.08333333,3,0,1,3
2/7/16,609.78,8.239130435,4.586956522,71,27.41304348,2,0,1,3
2/8/16,1083.17,8.833333333,4.388888889,63.16666667,41.38888889,3,0,0,3
2/9/16,971.17,6.333333333,2.645833333,68.25,21.375,2,0,0,3
2/10/16,984.42,6.604166667,3.354166667,71.83333333,18.70833333,3,0,0,3
2/11/16,1049.42,5.208333333,3.145833333,72.625,9.0625,2,0,0,3
2/12/16,950.79,4.75,1.958333333,83.91666667,13.04166667,3,0,0,3
2/13/16,411.21,4.25,0.666666667,85.5625,18.4375,7,0,1,3
2/14/16,570.71,4.4375,1.0625,72.875,15.97916667,[1 2],0,1,3
2/15/16,907.88,3.666666667,0.0625,75.45833333,16.3125,2,0,0,3
2/16/16,1016.08,3.666666667,1.8125,76.45833333,9.25,1,0,0,3
2/17/16,793.08,4.8125,2.041666667,76.52083333,12.375,3,0,0,3
2/18/16,979.88,5.270833333,2.5625,71.95833333,13.20833333,2,0,0,3
2/19/16,923.88,6.208333333,2.875,78.95833333,19.54166667,1,0,0,3
2/20/16,467.17,11.17391304,10.08695652,80.82608696,27.95652174,7,0,1,3
2/21/16,611.25,13.20833333,13.20833333,79.1875,30.79166667,3,0,1,3
2/22/16,852.63,9.041666667,7.1875,73.27083333,16.91666667,7,0,0,3
2/23/16,1069.04,6.4375,4.5,68.04166667,10.89583333,2,0,0,3
2/24/16,1061.71,3.833333333,3.1875,69.47916667,4.770833333,1,0,0,3
2/25/16,1007.25,3.145833333,1.166666667,69.27083333,8.583333333,1,0,0,3
2/26/16,982.50,3.916666667,1.458333333,68.6875,11.52083333,1,0,0,3
2/27/16,614.38,4.875,1.458333333,62.97916667,17.77083333,4,0,1,3
2/28/16,560.46,5.0625,1.375,64.29166667,19.60416667,3,0,1,3
2/29/16,982.71,5.5,3.6875,65.54166667,9.333333333,2,0,0,3
3/1/16,862.67,9.354166667,7.166666667,80.02083333,25.33333333,3,0,0,0
3/2/16,859.79,6.3125,1.791666667,72.1875,31,2,0,0,0
3/3/16,1017.33,7.020833333,3.5625,67.64583333,21.79166667,2,0,0,0
3/4/16,998.75,6.083333333,3.1875,65.875,16.85416667,2,0,0,0
3/5/16,508.96,3.791666667,0.666666667,80.08333333,14.70833333,1,0,1,0
3/6/16,521.25,4.291666667,1.1875,74.54166667,14,2,0,1,0
3/7/16,944.67,4.791666667,1.729166667,65.79166667,14.64583333,[1 2],0,0,0
3/8/16,963.71,5.4375,2.625,71.39583333,15,1,0,0,0
3/9/16,797.58,8.020833333,5.229166667,86.83333333,17,7,0,0,0
3/10/16,979.33,6.791666667,5.375,83.39583333,7.520833333,3,0,0,0
3/11/16,870.54,5.104166667,3.791666667,83.1875,7.208333333,1,0,0,0
3/12/16,898.88,6.9375,6.145833333,82.1875,6.229166667,3,0,1,0
3/13/16,903.63,5.333333333,2.729166667,81.91666667,14.66666667,4,0,1,0
3/14/16,1060.33,6.6875,3.291666667,68.58333333,20.97916667,1,0,0,0
3/15/16,1051.00,6.395833333,4.208333333,84.75,12.6875,3,0,0,0
3/16/16,1055.08,7.291666667,3.75,73.85416667,22.08333333,3,0,0,0
3/17/16,1127.50,6.416666667,4.416666667,70.79166667,12.16666667,1,0,0,0
3/18/16,960.29,5.666666667,3.125,81.5,12.35416667,3,0,0,0
3/19/16,745.96,7.208333333,4.395833333,72,16.1875,4,0,1,0
3/20/16,710.13,7.916666667,6,71.95833333,12.79166667,4,0,1,0
3/21/16,1077.17,8.9375,8.041666667,68.6875,10.83333333,3,0,0,0
3/22/16,1214.58,8.666666667,8.208333333,65.0625,6,1,0,0,0
3/23/16,1118.21,8.8125,8.208333333,66.72916667,6.208333333,3,0,0,0
3/24/16,805.38,8.979166667,6.770833333,75.91666667,17.16666667,7,0,0,0
3/25/16,1051.50,10.6875,9.270833333,66.39583333,14.125,1,1,0,0
3/26/16,529.11,10.81578947,9.5,79.68421053,22.57894737,3,0,1,0
3/27/16,580.21,9.714285714,7.464285714,72.75,29.5,7,0,1,0
3/28/16,425.67,8.875,5.645833333,72.70833333,34.625,7,1,0,0
3/29/16,783.92,8.5625,5.854166667,69.625,23.10416667,2,0,0,0
3/30/16,1104.83,9.270833333,7.479166667,66.14583333,17.72916667,2,0,0,0
3/31/16,1179.33,8.791666667,7.791666667,63.14583333,10.66666667,1,0,0,0
4/1/16,1130.71,8.520833333,7.895833333,66.5,11.16666667,1,0,0,0
4/2/16,1015.29,10.72916667,9.458333333,62.125,14.83333333,1,0,1,0
4/3/16,1039.21,11.5625,11.04166667,77.54166667,11.3125,7,0,1,0
4/4/16,1046.21,11.08333333,10.5,77.52083333,13.58333333,[1 2],0,0,0
4/5/16,1273.96,11.58333333,10.91666667,65.70833333,14.91666667,2,0,0,0
4/6/16,1000.08,9.5,7.208333333,65.8125,26.4375,1,0,0,0
4/7/16,798.17,7.934782609,4.760869565,75.02173913,21.08695652,7,0,0,0
4/8/16,1132.96,9.583333333,8.4375,72.41666667,11.1875,1,0,0,0
4/9/16,821.00,8.979166667,7,70.6875,15.83333333,2,0,1,0
4/10/16,975.75,8.291666667,6.375,67.08333333,20.375,1,0,1,0
4/11/16,1000.42,11.89583333,11.3125,78.625,16.04166667,1,0,0,0
4/12/16,1281.04,12.16666667,11.60416667,66.5,12.89583333,1,0,0,0
4/13/16,1323.42,12.5625,12.35416667,58.91666667,7.020833333,1,0,0,0
4/14/16,1275.46,13.16666667,12.95833333,61.47916667,9.958333333,1,0,0,0
4/15/16,656.71,10.60416667,10.125,86.14583333,9.270833333,7,0,0,0
4/16/16,732.13,7.041666667,4.354166667,72.875,15.75,3,0,1,0
4/17/16,1120.21,7.583333333,6.395833333,59.08333333,8.645833333,1,0,1,0
4/18/16,1175.83,9.520833333,8.354166667,60.8125,17.08333333,[1 3],0,0,0
4/19/16,1389.25,11.29166667,10.35416667,61.54166667,12.85416667,1,0,0,0
4/20/16,1424.88,9.125,7.645833333,72.27083333,19.125,1,0,0,0
4/21/16,1317.17,10.625,9.479166667,67.3125,20.1875,1,0,0,0
4/22/16,847.58,9.125,6.833333333,74.16666667,19.47916667,7,0,0,0
4/23/16,906.75,7.604166667,5.395833333,64.54166667,13.6875,2,0,1,0
4/24/16,774.88,7.270833333,5.041666667,65.54166667,12.85416667,7,0,1,0
4/25/16,1006.21,8.041666667,5.729166667,74.20833333,18.27083333,2,0,0,0
4/26/16,1151.17,6.291666667,2.625,61.625,20.9375,1,0,0,0
4/27/16,1173.21,6.5625,4.0625,63.27083333,13.75,7,0,0,0
4/28/16,1192.04,7.9375,6.166666667,64.1875,16.95833333,[1 2],0,0,0
4/29/16,1057.71,8.583333333,5.708333333,60.4375,24.22916667,1,0,0,0
4/30/16,1029.08,9.083333333,7.958333333,55.97916667,12.27083333,1,0,1,0
5/1/16,1218.71,11,10.625,58.29166667,12.4375,1,0,1,0
5/2/16,809.50,12.70833333,12.58333333,76.125,20.77083333,2,1,0,0
5/3/16,1331.75,11.70833333,10.85416667,54.375,14.64583333,1,0,0,0
5/4/16,1507.58,13.27083333,13,46.91666667,11.0625,1,0,0,0
5/5/16,1611.83,14.125,13.91666667,51,14.47916667,1,0,0,0
5/6/16,1649.54,15.0625,14.9375,62.77083333,13.39583333,1,0,0,0
5/7/16,1825.79,17.4375,17.375,63.35416667,13.3125,1,0,1,0
5/8/16,1864.92,19.25,19.22916667,57.14583333,15.5625,1,0,1,0
5/9/16,1271.13,17.70833333,17.64583333,65.72916667,16.14583333,1,0,0,0
5/10/16,893.83,15.83333333,15.83333333,91.10416667,14.95833333,7,0,0,0
5/11/16,1148.92,16.08333333,16.08333333,91.35416667,9.958333333,7,0,0,0
5/12/16,1586.75,17.70833333,17.625,69.8125,15.66666667,1,0,0,0
5/13/16,1446.08,13.375,13.02083333,73.95833333,18.29166667,3,0,0,0
5/14/16,1251.92,10.29166667,8.979166667,56.75,14.25,3,0,1,0
5/15/16,1429.25,12.1875,11.95833333,58.27083333,12.39583333,1,0,1,0
5/16/16,1543.54,14.16666667,14.10416667,62.1875,8.979166667,1,0,0,0
5/17/16,1518.54,14.45833333,14.45833333,61.97916667,15.60416667,1,0,0,0
5/18/16,1004.63,12.91666667,12.91666667,79.97916667,15.22916667,7,0,0,0
5/19/16,1427.79,14.14583333,14.14583333,73.79166667,16.10416667,3,0,0,0
5/20/16,1486.42,15.97916667,15.97916667,67,20.22916667,[2 3],0,0,0
5/21/16,1098.88,15.9375,15.9375,74.0625,19.25,3,0,1,0
5/22/16,1276.17,15.16666667,15.16666667,67.47916667,9.416666667,2,0,1,0
5/23/16,1461.13,15.14583333,15.14583333,61.60416667,15.16666667,2,0,0,0
5/24/16,1507.67,12.9375,12.72916667,63.77083333,15.27083333,2,0,0,0
5/25/16,1317.25,11.08333333,10.375,73.79166667,11.3125,3,0,0,0
5/26/16,1546.38,14.35416667,14.35416667,68.72916667,9.833333333,[1 2],0,0,0
5/27/16,1487.83,15.10416667,15.10416667,71.5,15.60416667,1,0,0,0
5/28/16,1284.63,14.35416667,14.3125,77.33333333,11.27083333,2,0,1,0
5/29/16,1281.67,13.875,13.75,76.91666667,14.25,3,0,1,0
5/30/16,987.38,14.41666667,14.41666667,75.25,19.9375,3,1,0,0
5/31/16,669.92,12.5,12.5,84.97916667,23.60416667,3,0,0,0
6/1/16,1119.63,12.75,12.75,89.25,17.58333333,3,0,0,1
6/2/16,1204.21,11.375,11.29166667,83.25,20.02083333,3,0,0,1
6/3/16,1218.92,11.29166667,10.5,84.89583333,12.27083333,3,0,0,1
6/4/16,1237.38,15.14583333,15.14583333,87.14583333,8.604166667,3,0,1,1
6/5/16,1676.21,16.41666667,16.41666667,79.14583333,12,[2 3],0,1,1
6/6/16,1627.08,15.89583333,15.83333333,70.16666667,14.33333333,1,0,0,1
6/7/16,1444.83,17.5,17.5,72.20833333,8.458333333,1,0,0,1
6/8/16,1424.83,18.47916667,18.47916667,73.29166667,7.375,7,0,0,1
6/9/16,1715.21,15.60416667,15.60416667,75.375,11.35416667,1,0,0,1
6/10/16,1651.54,17.64583333,17.58333333,64.22916667,10.02083333,1,0,0,1
6/11/16,1192.83,18.16666667,18.16666667,73.5,7.0625,7,0,1,1
6/12/16,743.38,17.20833333,17.20833333,81.58333333,11.54166667,2,0,1,1
6/13/16,1137.21,16.6875,16.6875,81.25,15.3125,3,0,0,1
6/14/16,1243.83,16.16666667,16.16666667,81.125,16.875,7,0,0,1
6/15/16,1554.63,16.47916667,16.47916667,68.14583333,15.91666667,2,0,0,1
6/16/16,1296.25,16.02083333,16.02083333,75.5625,10.64583333,[2 3],0,0,1
6/17/16,1318.38,15.52083333,15.52083333,80.89583333,10,[2 3],0,0,1
6/18/16,1217.75,14.89583333,14.89583333,76.1875,11.20833333,3,0,1,1
6/19/16,1289.75,16.95833333,16.95833333,72.6875,16.375,3,0,1,1
6/20/16,919.04,18.0625,18.0625,80.6875,20.375,7,0,0,1
6/21/16,1606.29,18.77083333,18.77083333,65.66666667,16.125,2,0,0,1
6/22/16,1509.42,19.14583333,19.14583333,78.91666667,11.27083333,3,0,0,1
6/23/16,1035.50,19.9375,19.9375,89.95833333,10.60416667,7,0,0,1
6/24/16,2042.22,19.44444444,19.44444444,59,21.66666667,2,0,0,1
6/25/16,1080.79,16.0625,16.0625,73.45833333,13.5625,7,0,1,1
6/26/16,1213.00,16.60416667,16.60416667,71.14583333,19.27083333,2,0,1,1
6/27/16,1387.46,18.0625,18.0625,68.95833333,16.04166667,1,0,0,1
6/28/16,1303.67,16.60416667,16.60416667,63.04166667,12.27083333,1,0,0,1
6/29/16,1300.42,15.4375,15.4375,78.27083333,23.02083333,3,0,0,1
6/30/16,1476.33,17.25,17.25,74.0625,18.41666667,2,0,0,1
7/1/16,1155.42,16.77083333,16.77083333,73.29166667,22.27083333,3,0,0,1
7/2/16,1263.42,15.47916667,15.47916667,65.8125,23.75,2,0,1,1
7/3/16,1402.83,16.85416667,16.85416667,65.64583333,14.4375,[1 2],0,1,1
7/4/16,1550.88,17.45833333,17.45833333,71.9375,15.52083333,3,0,0,1
7/5/16,1685.96,18.04166667,18.04166667,63.35416667,19.47916667,3,0,0,1
7/6/16,1767.17,17.72916667,17.625,53.54166667,9.604166667,1,0,0,1
7/7/16,1631.54,19.33333333,19.3125,59.89583333,14.375,1,0,0,1
7/8/16,1535.08,19.625,19.625,66.1875,23.125,2,0,0,1
7/9/16,1415.33,20.125,20.125,67.75,19.75,1,0,1,1
7/10/16,1213.96,19.41666667,19.41666667,72.29166667,22.60416667,2,0,1,1
7/11/16,1350.83,18.04166667,18.04166667,73.6875,22,3,0,0,1
7/12/16,1244.54,15.70833333,15.70833333,78.5,15.39583333,[2 7],0,0,1
7/13/16,1487.13,15.47916667,15.47916667,70.4375,15.14583333,7,0,0,1
7/14/16,1663.46,17.20833333,17.20833333,59.10416667,13.45833333,1,0,0,1
7/15/16,1525.04,17.39583333,17.39583333,69.54166667,16.70833333,1,0,0,1
7/16/16,1597.88,21.64583333,21.66666667,69.875,20.66666667,2,0,1,1
7/17/16,1573.71,22.97916667,23,67.25,17.85416667,2,0,1,1
7/18/16,1799.79,23.5,23.375,58.52083333,8.3125,1,0,0,1
7/19/16,1917.54,24.64583333,24.72916667,62.60416667,14.45833333,1,0,0,1
7/20/16,1861.00,24.97916667,25.04166667,59,19.04166667,1,0,0,1
7/21/16,1719.67,20.8125,20.8125,61.875,11.10416667,1,0,0,1
7/22/16,1499.83,21.125,21.125,66.91666667,8.9375,2,0,0,1
7/23/16,1727.75,22.125,22.125,64.33333333,9.979166667,1,0,1,1
7/24/16,1606.38,20.77083333,20.77083333,67.5,16.625,3,0,1,1
7/25/16,1690.71,20.4375,20.10416667,58.91666667,18.41666667,1,0,0,1
7/26/16,1750.88,19.75,19.72916667,61.20833333,14.14583333,2,0,0,1
7/27/16,1389.13,20.45833333,20.45833333,71.83333333,16.95833333,7,0,0,1
7/28/16,1420.18,19.04545455,19.04545455,66,12.04545455,2,0,0,1
7/29/16,1473.04,19.89583333,19.89583333,72.22916667,17.70833333,2,0,0,1
7/30/16,1900.33,19.52083333,19.39583333,63.27083333,10.45833333,2,0,1,1
7/31/16,1942.52,18.80434783,18.7826087,55.47826087,10.73913043,2,0,1,1
8/1/16,1239.54,16.8125,16.8125,67.875,12.58333333,1,0,0,1
8/2/16,1191.38,18.85416667,18.85416667,86.77083333,17.3125,[3 7],0,0,1
8/3/16,1677.83,20.66666667,20.66666667,67.64583333,24.70833333,2,0,0,1
8/4/16,1628.42,19.22916667,19.16666667,62.95833333,23.83333333,2,0,0,1
8/5/16,1564.83,19.67391304,19.5,62.36956522,16,2,0,0,1
8/6/16,1745.21,20.5,20.5,58.72916667,14.35416667,1,0,1,1
8/7/16,1586.50,21.64583333,21.64583333,64.6875,24.4375,2,0,1,1
8/8/16,1573.71,18.35416667,18.35416667,54.33333333,21.41666667,1,0,0,1
8/9/16,1646.42,16.75,16.75,52.20833333,16.35416667,1,0,0,1
8/10/16,1601.25,16.22916667,16.22916667,59.10416667,14.4375,1,0,0,1
8/11/16,1567.75,18.97916667,18.97916667,64.75,20.33333333,2,0,0,1
8/12/16,1673.29,21.02083333,21,61.625,21.20833333,1,0,0,1
8/13/16,1793.38,20.3125,20.3125,61.72916667,19.52083333,1,0,1,1
8/14/16,1827.00,19.25,19.0625,53.9375,9.166666667,1,0,1,1
8/15/16,1749.39,18.23913043,18.19565217,64.82608696,14.69565217,1,0,0,1
8/16/16,1768.68,18.02272727,18.02272727,68.59090909,14.04545455,2,0,0,1
8/17/16,1768.29,19.22916667,19.22916667,66.27083333,12.27083333,1,0,0,1
8/18/16,1624.29,19.4375,19.33333333,69.08333333,13.25,1,0,0,1
8/19/16,1066.38,17.85416667,17.85416667,83.66666667,12.54166667,2,0,0,1
8/20/16,1015.46,17.9375,17.9375,70.08333333,26.22916667,2,0,1,1
8/21/16,1175.79,18.64583333,18.625,68.4375,26.29166667,3,0,1,1
8/22/16,1487.21,20.75,20.75,68.66666667,20.3125,2,0,0,1
8/23/16,1752.50,23.14583333,23.04166667,59.97916667,10.29166667,1,0,0,1
8/24/16,1694.33,25.47916667,25.5625,60.10416667,6.8125,1,0,0,1
8/25/16,1572.58,23.97916667,24.35416667,66.97916667,8.3125,1,0,0,1
8/26/16,1570.71,23.1875,22.97916667,56.125,10.16666667,1,0,0,1
8/27/16,1341.17,21.25,21.25,69.25,15.20833333,1,0,1,1
8/28/16,1077.04,20.02083333,20.02083333,74.5625,18.22916667,3,0,1,1
8/29/16,1424.00,19.47916667,19.41666667,65.375,8.333333333,2,1,0,1
8/30/16,1644.71,20.79166667,20.79166667,54.83333333,8.645833333,1,0,0,1
8/31/16,1624.54,19.8125,19.8125,63.125,15.33333333,1,0,0,1
9/1/16,1707.39,19.34782609,19.2826087,62.2173913,13.76086957,1,0,0,2
9/3/16,1272.08,19.41666667,19.41666667,75.41666667,21.91666667,7,0,1,2
9/4/16,1146.33,18.85416667,18.85416667,69.85416667,23.39583333,3,0,1,2
9/5/16,1161.38,19.02083333,19.02083333,82.52083333,9.4375,3,0,0,2
9/6/16,1567.88,22.1875,22.1875,79.29166667,10.33333333,3,0,0,2
9/7/16,1659.00,22.5625,22.58333333,66.91666667,9.5625,1,0,0,2
9/8/16,1689.79,20.1875,20.04166667,62.27083333,19.29166667,1,0,0,2
9/9/16,1506.29,19.54166667,19.54166667,72.625,17.54166667,3,0,0,2
9/10/16,711.67,19.16666667,19.16666667,80.5,16.33333333,7,0,1,2
9/11/16,1641.79,16.85416667,16.75,63.85416667,9.041666667,1,0,1,2
9/12/16,1635.88,20.54166667,20.54166667,65.125,11.54166667,1,0,0,2
9/13/16,1815.54,24.79166667,24.625,62.16666667,13.52083333,1,0,0,2
9/14/16,1853.25,23.45833333,23.47916667,63.27083333,10.4375,1,0,0,2
9/15/16,1755.63,22.60416667,22.72916667,66.83333333,9.979166667,1,0,0,2
9/16/16,915.29,17.33333333,17.33333333,79.1875,17.33333333,7,0,0,2
9/17/16,1132.58,15.375,15.375,80.6875,19.875,4,0,1,2
9/18/16,1227.63,17.10416667,17.10416667,78.1875,7.75,3,0,1,2
9/19/16,1379.54,18.10416667,18.10416667,70.10416667,7.333333333,[2 4],0,0,2
9/20/16,1553.83,16.83333333,16.83333333,78.41666667,6.416666667,3,0,0,2
9/21/16,1677.79,18.10416667,18.04166667,70.25,9.354166667,1,0,0,2
9/22/16,1585.13,17.41666667,17.41666667,71.33333333,11.60416667,2,0,0,2
9/23/16,1605.33,15.72916667,15.72916667,59.4375,10.375,1,0,0,2
9/24/16,1491.08,18.79166667,18.625,62.02083333,15.75,1,0,1,2
9/25/16,1235.96,17.6875,17.6875,62.25,19.875,1,0,1,2
9/26/16,1448.92,15.375,15.375,69.10416667,10.47916667,[1 2],0,0,2
9/27/16,1489.63,17.10416667,17.10416667,75.875,15.625,3,0,0,2
9/28/16,1605.38,17.9375,17.9375,75.35416667,21.25,2,0,0,2
9/29/16,1437.96,17.64583333,17.64583333,69.5625,24.79166667,2,0,0,2
9/30/16,1406.38,15.3125,15.3125,66.58333333,16.79166667,1,0,0,2
10/1/16,733.04,13.02083333,13.02083333,81.6875,9,7,0,1,2
10/2/16,1125.92,13.20833333,13.20833333,71.85416667,13.5625,2,0,1,2
10/3/16,1482.58,13.20833333,13.10416667,69.0625,6.479166667,1,0,0,2
10/4/16,1533.63,14.77083333,14.77083333,77.72916667,20.5625,2,0,0,2
10/5/16,1499.71,14.27083333,14.27083333,62.6875,28.70833333,1,0,0,2
10/6/16,1458.54,13.27083333,13.27083333,59.41666667,19.35416667,[2 3],0,0,2
10/7/16,1377.08,13.95833333,13.95833333,73.70833333,11.04166667,3,0,0,2
10/8/16,1120.17,14,14,77.14583333,8.979166667,2,0,1,2
10/9/16,1045.08,12.10416667,11.75,72.02083333,10.10416667,1,0,1,2
10/10/16,1365.00,10.4375,9.958333333,75.625,9.166666667,1,0,0,2
10/11/16,1454.75,10.875,10.5625,75.22916667,7.916666667,2,0,0,2
10/12/16,1345.08,12.5625,12.54166667,76.83333333,13.66666667,2,0,0,2
10/13/16,1274.46,11.25,10.54166667,77.45833333,17.35416667,[3 7],0,0,2
10/14/16,1346.83,12,11.97916667,74.64583333,11.27083333,[2 3],0,0,2
10/15/16,978.67,13.20833333,13.20833333,78.25,8.75,2,0,1,2
10/16/16,771.96,13.91666667,13.64583333,82.875,14.4375,1,0,1,2
10/17/16,1197.25,14.22916667,14.22916667,76.1875,14.33333333,1,0,0,2
10/18/16,1365.46,12.125,12,68.75,24.10416667,1,0,0,2
10/19/16,1403.04,11.95833333,11.70833333,69.95833333,18.625,2,0,0,2
10/20/16,1347.67,11.875,11.625,77.97916667,13.97916667,3,0,0,2
10/21/16,1273.63,11.0625,10.125,81.79166667,12.5625,3,0,0,2
10/22/16,1084.17,10.5,10.16666667,79.60416667,8.3125,2,0,1,2
10/23/16,981.38,10.27083333,9.875,78.52083333,13.33333333,2,0,1,2
10/24/16,1252.21,11.66666667,11.33333333,74.70833333,11.16666667,[1 2],0,0,2
10/25/16,1374.67,11.83333333,11.83333333,79.0625,5.1875,3,0,0,2
10/26/16,1417.08,13.47916667,13.47916667,81.79166667,11.8125,2,0,0,2
10/27/16,1412.00,12.85416667,12.6875,79.64583333,17.02083333,2,0,0,2
10/28/16,1392.50,14.5625,14.5625,74.77083333,13.5,3,0,0,2
10/29/16,1157.71,14.27083333,14.27083333,84.04166667,3.083333333,4,0,1,2
10/30/16,1023.26,11.14492754,11.10144928,94.17391304,5.094202899,4,0,1,2
10/31/16,1435.88,12.70833333,12.66666667,89.29166667,6.4375,1,0,0,2
11/1/16,1335.58,10.45833333,10.10416667,86.5625,8.583333333,3,0,0,2
11/2/16,1334.92,8,6.604166667,70.29166667,9.979166667,1,0,0,2
11/3/16,1287.13,7.916666667,6.645833333,72.02083333,9.875,1,0,0,2
11/4/16,913.83,9.4375,8.375,79.875,9.229166667,1,0,0,2
11/5/16,809.17,7.041666667,4.145833333,74.8125,17.10416667,3,0,1,2
11/6/16,558.58,5.645833333,2.041666667,73.875,19,1,0,1,2
11/7/16,716.38,6.770833333,3.770833333,76.5625,16.77083333,2,0,0,2
11/8/16,1089.46,4.75,2.104166667,73.95833333,11.10416667,1,0,0,2
11/9/16,779.17,7.645833333,4.666666667,85.29166667,18.875,7,0,0,2
11/10/16,1076.25,8.083333333,5.541666667,78.70833333,18.04166667,2,0,0,2
11/11/16,1158.92,7.333333333,5.666666667,74.27083333,9.479166667,1,0,0,2
11/12/16,390.87,9.304347826,7.826086957,85.91304348,10.76086957,7,0,1,2
11/13/16,793.50,8.645833333,7.5,83.52083333,8.333333333,1,0,1,2
11/14/16,1025.75,10.77083333,10.20833333,85.25,14.125,3,0,0,2
11/15/16,1187.42,14.27083333,14.27083333,87.5625,16.83333333,3,0,0,2
11/16/16,1143.29,13.08333333,13.02083333,79.83333333,22.6875,[2 3],0,0,2
11/17/16,1144.25,10.08333333,7.875,70.58333333,22.58333333,3,0,0,2
11/18/16,1108.08,6.270833333,2.895833333,71.83333333,19.08333333,1,0,0,2
11/19/16,752.88,5.708333333,2.416666667,79.70833333,16.79166667,1,0,1,2
11/20/16,442.21,7.6875,4.666666667,85,20.45833333,3,0,1,2
11/21/16,801.25,9.979166667,9,86.41666667,16.72916667,7,0,0,2
11/22/16,1142.58,10.4375,9.395833333,75.35416667,19.91666667,[2 7],0,0,2
11/23/16,1198.67,9.041666667,7.9375,84.14583333,10.8125,2,0,0,2
11/24/16,1164.21,10.08333333,8.541666667,77.27083333,22.10416667,3,0,0,2
11/25/16,1142.21,8.208333333,6.145833333,70.3125,16.02083333,1,0,0,2
11/26/16,815.88,6.333333333,4.979166667,85.5,7.833333333,1,0,1,2
11/27/16,643.58,7.541666667,5.791666667,77.75,10.72916667,[3 4],0,1,2
11/28/16,1115.21,6.791666667,4,64.64583333,16.47916667,1,0,0,2
11/29/16,1150.29,3.0625,1.625,76.625,6.833333333,1,0,0,2
11/30/16,1122.25,2.791666667,0.041666667,73.58333333,10.75,1,0,0,2
12/1/16,1093.54,4.395833333,1.520833333,72.95833333,12.45833333,1,0,0,3
12/2/16,1082.96,6.875,5.729166667,85.08333333,6.583333333,4,0,0,3
12/3/16,745.75,6.5625,4.291666667,75.91666667,13.35416667,4,0,1,3
12/4/16,636.13,4.666666667,2,78.02083333,13.85416667,1,0,1,3
12/5/16,1092.96,3.625,2.0625,90.5,7,1,0,0,3
12/6/16,1170.63,7.25,6.5625,93.625,6.5,4,0,0,3
12/7/16,1226.00,12.10416667,12.0625,83.5625,12.79166667,1,0,0,3
12/8/16,1181.92,12.79166667,12.79166667,83.47916667,16.3125,3,0,0,3
12/9/16,1238.08,13.125,13.125,85.41666667,14.3125,1,0,0,3
12/10/16,618.00,12.3125,12.0625,89.1875,15.10416667,4,0,1,3
12/11/16,727.08,8,5.5625,86.58333333,15.27083333,1,0,1,3
12/12/16,1053.13,8.291666667,7.083333333,91.45833333,10.5625,4,0,0,3
12/13/16,1105.00,11.625,11.375,90.75,9.958333333,3,0,0,3
12/14/16,1202.54,10.29166667,9.479166667,85.16666667,9.854166667,1,0,0,3
12/15/16,1174.79,9,7.520833333,89.54166667,11.75,4,0,0,3
12/16/16,1150.88,9.541666667,8.5625,89.95833333,8.041666667,4,0,0,3
12/17/16,718.25,7.416666667,6.458333333,95.9375,6.208333333,4,0,1,3
12/18/16,623.75,8.145833333,7.208333333,90.72916667,6.520833333,4,0,1,3
12/19/16,980.63,7.1875,6.020833333,88.39583333,7.458333333,4,0,0,3
12/20/16,1036.00,6.208333333,3.958333333,80.02083333,11.20833333,4,0,0,3
12/21/16,964.00,10.3125,9.3125,83.33333333,17.16666667,3,0,0,3
12/22/16,894.21,8.291666667,6.416666667,80.10416667,12.60416667,1,0,0,3
12/23/16,600.38,9.916666667,8.875,84.66666667,21.29166667,[1 2 4],0,0,3
12/24/16,328.75,9.020833333,6.104166667,75.35416667,24.89583333,2,0,1,3
12/25/16,1527.21,12.5,12.5,79.41666667,27.66666667,4,0,1,3
12/26/16,477.29,8.354166667,5.541666667,70.54166667,22.02083333,1,1,0,3
12/27/16,451.75,4.1875,2.458333333,81.91666667,7.5,1,1,0,3
12/28/16,517.83,2.166666667,0.020833333,97.22916667,7.395833333,1,0,0,3
12/29/16,585.50,3.770833333,2.4375,89.97916667,6.0625,1,0,0,3
12/30/16,481.92,3.270833333,1.0625,98.6875,9,4,0,0,3
12/31/16,476.00,7.4375,5.041666667,90.95833333,13.3125,4,0,1,3
1/1/17,267.54,7,4.4375,88.4375,14.125,7,0,1,3
1/2/17,492.63,3.729166667,0.9375,83.14583333,11.16666667,1,1,0,3
1/3/17,809.83,3.395833333,-0.625,81.39583333,18.9375,1,0,0,3