date,cnt,t1,t2,hum,wind_speed,weather_code,is_holiday,is_weekend,season
2015-01-04,1039,2.4791666666666665,0.6458333333333334,94.27083333333333,7.5,3,0.0,1.0,3.0
2015-01-05,3161,8.041666666666666,6.708333333333333,80.3125,8.854166666666666,3,0.0,0.0,3.0
2015-01-06,3534,7.854166666666667,5.333333333333333,78.89583333333333,16.0,1,0.0,0.0,3.0
2015-01-07,3618,7.456521739130435,4.5,78.1086956521739,19.76086956521739,2,0.0,0.0,3.0
2015-01-08,2351,9.75,7.791666666666667,79.3125,20.479166666666668,7,0.0,0.0,3.0
2015-01-09,3505,12.729166666666666,12.333333333333334,74.85416666666667,32.916666666666664,3,0.0,0.0,3.0
2015-01-10,1436,10.479166666666666,8.708333333333334,66.125,34.3125,3,0.0,1.0,3.0
2015-01-11,1813,6.645833333333333,2.4583333333333335,67.58333333333333,26.5625,1,0.0,1.0,3.0
2015-01-12,3418,11.125,9.75,76.58333333333333,28.1875,7,0.0,0.0,3.0
2015-01-13,3960,8.604166666666666,6.083333333333333,75.8125,21.208333333333332,7,0.0,0.0,3.0
2015-01-14,3904,6.5,2.4791666666666665,67.125,25.75,2,0.0,0.0,3.0
2015-01-15,3673,8.833333333333334,5.625,66.45833333333333,31.166666666666668,2,0.0,0.0,3.0
2015-01-16,3546,5.791666666666667,2.5416666666666665,66.22916666666667,17.458333333333332,1,0.0,0.0,3.0
2015-01-17,1531,3.7916666666666665,0.5625,75.10416666666667,13.583333333333334,1,0.0,1.0,3.0
2015-01-18,1450,3.3958333333333335,1.9166666666666667,84.33333333333333,6.979166666666667,7,0.0,1.0,3.0
2015-01-19,3554,2.4166666666666665,0.7916666666666666,80.0,6.1875,3,0.0,0.0,3.0
2015-01-20,3700,2.0625,-0.16666666666666666,81.95833333333333,9.166666666666666,1,0.0,0.0,3.0
2015-01-21,3655,3.0416666666666665,-0.375,84.27083333333333,14.729166666666666,4,0.0,0.0,3.0
2015-01-22,3828,2.5833333333333335,1.0416666666666667,74.47916666666667,6.729166666666667,3,0.0,0.0,3.0
2015-01-23,3328,2.7083333333333335,-0.020833333333333332,79.41666666666667,12.416666666666666,1,0.0,0.0,3.0
2015-01-24,1798,5.708333333333333,2.3333333333333335,72.72916666666667,18.0625,1,0.0,1.0,3.0
2015-01-25,1705,5.520833333333333,2.3125,77.375,16.166666666666668,3,0.0,1.0,3.0
2015-01-26,3589,8.5625,5.729166666666667,75.20833333333333,18.958333333333332,3,0.0,0.0,3.0
2015-01-27,3835,6.958333333333333,4.145833333333333,72.375,15.291666666666666,1,0.0,0.0,3.0
2015-01-28,3576,6.979166666666667,2.9166666666666665,71.02083333333333,29.145833333333332,1,0.0,0.0,3.0
2015-01-29,3783,3.7708333333333335,-1.25,73.52083333333333,26.5625,2,0.0,0.0,3.0
2015-01-30,3090,3.9791666666666665,0.1875,77.08333333333333,17.479166666666668,3,0.0,0.0,3.0
2015-01-31,926,3.4166666666666665,-0.9166666666666666,77.91666666666667,20.125,7,0.0,1.0,3.0
2015-02-01,1117,3.7916666666666665,-0.8958333333333334,67.0,24.770833333333332,3,0.0,1.0,3.0
2015-02-02,3556,1.25,-2.3958333333333335,64.85416666666667,12.625,1,0.0,0.0,3.0
2015-02-03,2972,2.1666666666666665,-1.0416666666666667,85.5,11.833333333333334,3,0.0,0.0,3.0
2015-02-04,3502,2.875,-0.5208333333333334,80.6875,14.125,3,0.0,0.0,3.0
2015-02-05,2894,2.8958333333333335,-0.9166666666666666,78.10416666666667,16.020833333333332,2,0.0,0.0,3.0
2015-02-06,3214,2.6875,-1.6666666666666667,69.85416666666667,19.270833333333332,2,0.0,0.0,3.0
2015-02-07,1165,3.75,1.0208333333333333,83.02083333333333,11.3125,3,0.0,1.0,3.0
2015-02-08,1824,5.4375,3.1458333333333335,76.20833333333333,10.25,2,0.0,1.0,3.0
2015-02-09,3721,5.708333333333333,3.8541666666666665,81.4375,9.208333333333334,2,0.0,0.0,3.0
2015-02-10,3788,5.5,4.369565217391305,79.6086956521739,6.478260869565218,4,0.0,0.0,3.0
2015-02-11,3671,5.041666666666667,3.1666666666666665,77.4375,7.645833333333333,4,0.0,0.0,3.0
2015-02-12,3729,3.9791666666666665,2.375,73.125,7.208333333333333,4,0.0,0.0,3.0
2015-02-13,3205,6.979166666666667,4.020833333333333,84.54166666666667,17.8125,7,0.0,0.0,3.0
2015-02-14,1475,7.3125,5.104166666666667,88.6875,12.375,3,0.0,1.0,3.0
2015-02-15,1870,6.6875,5.333333333333333,86.16666666666667,7.333333333333333,3,0.0,1.0,3.0
2015-02-16,3323,6.041666666666667,4.0625,89.70833333333333,9.75,7,0.0,0.0,3.0
2015-02-17,3582,5.854166666666667,3.4791666666666665,68.70833333333333,12.1875,1,0.0,0.0,3.0
2015-02-18,3582,6.395833333333333,3.7291666666666665,71.27083333333333,15.166666666666666,1,0.0,0.0,3.0
2015-02-19,3559,7.270833333333333,3.8958333333333335,81.5,21.125,7,0.0,0.0,3.0
2015-02-20,3051,6.645833333333333,4.8125,81.33333333333333,9.416666666666666,2,0.0,0.0,3.0
2015-02-21,1530,4.8125,1.625,76.33333333333333,16.208333333333332,2,0.0,1.0,3.0
2015-02-22,1294,5.125,1.4166666666666667,80.91666666666667,21.25,1,0.0,1.0,3.0
2015-02-23,3618,6.9375,2.9375,66.85416666666667,25.875,2,0.0,0.0,3.0
2015-02-24,3841,7.1875,3.1458333333333335,66.14583333333333,27.0,2,0.0,0.0,3.0
2015-02-25,2651,9.083333333333334,7.666666666666667,77.3125,11.104166666666666,2,0.0,0.0,3.0
2015-02-26,3628,9.25,7.4375,81.72916666666667,16.916666666666668,7,0.0,0.0,3.0
2015-02-27,3398,5.9375,3.1041666666666665,66.27083333333333,14.3125,1,0.0,0.0,3.0
2015-02-28,1224,8.6875,5.75,83.58333333333333,23.083333333333332,3,0.0,1.0,3.0
2015-03-01,2006,9.1875,6.416666666666667,66.6875,29.583333333333332,2,0.0,1.0,0.0
2015-03-02,3573,6.0625,1.7291666666666667,62.8125,28.3125,1,0.0,0.0,0.0
2015-03-03,3818,6.583333333333333,2.8541666666666665,64.1875,23.041666666666668,2,0.0,0.0,0.0
2015-03-04,3803,6.6875,3.2708333333333335,64.66666666666667,20.208333333333332,1,0.0,0.0,0.0
2015-03-05,3807,7.5,5.208333333333333,65.27083333333333,16.6875,1,0.0,0.0,0.0
2015-03-06,3548,9.104166666666666,7.1875,63.291666666666664,17.520833333333332,1,0.0,0.0,0.0
2015-03-07,3179,11.041666666666666,9.645833333333334,64.3125,18.395833333333332,1,0.0,1.0,0.0
2015-03-08,2179,10.041666666666666,9.041666666666666,78.85416666666667,14.229166666666666,2,0.0,1.0,0.0
2015-03-09,3886,8.354166666666666,6.416666666666667,82.83333333333333,14.3125,3,0.0,0.0,0.0
2015-03-10,4033,8.916666666666666,7.395833333333333,65.45833333333333,10.625,1,0.0,0.0,0.0
2015-03-11,4053,8.75,7.604166666666667,73.72916666666667,11.229166666666666,1,0.0,0.0,0.0
2015-03-12,4125,10.0,8.958333333333334,56.208333333333336,13.583333333333334,1,0.0,0.0,0.0
2015-03-13,3609,8.5,6.625,61.270833333333336,17.770833333333332,1,0.0,0.0,0.0
2015-03-14,1625,6.145833333333333,2.9583333333333335,66.97916666666667,17.958333333333332,4,0.0,1.0,0.0
2015-03-15,1153,6.3125,3.3125,82.20833333333333,16.3125,7,0.0,1.0,0.0
2015-03-16,2760,7.0,4.520833333333333,81.77083333333333,13.6875,7,0.0,0.0,0.0
2015-03-17,3734,8.479166666666666,7.166666666666667,85.875,10.208333333333334,7,0.0,0.0,0.0
2015-03-18,3889,6.895833333333333,4.583333333333333,80.0625,12.208333333333334,3,0.0,0.0,0.0
2015-03-19,3787,7.25,4.541666666666667,79.14583333333333,15.083333333333334,4,0.0,0.0,0.0
2015-03-20,3515,7.541666666666667,5.833333333333333,75.47916666666667,9.854166666666666,1,0.0,0.0,0.0
2015-03-21,1377,7.625,4.895833333333333,72.04166666666667,16.479166666666668,3,0.0,1.0,0.0
2015-03-22,1941,5.854166666666667,3.3333333333333335,67.72916666666667,12.395833333333334,3,0.0,1.0,0.0
2015-03-23,3719,8.0,6.479166666666667,66.16666666666667,11.916666666666666,2,0.0,0.0,0.0
2015-03-24,3864,7.541666666666667,5.916666666666667,69.8125,9.354166666666666,7,0.0,0.0,0.0
2015-03-25,3858,6.208333333333333,4.645833333333333,67.08333333333333,7.9375,1,0.0,0.0,0.0
2015-03-26,2658,8.416666666666666,6.1875,70.375,20.833333333333332,1,0.0,0.0,0.0
2015-03-27,3514,8.833333333333334,6.916666666666667,60.5,15.729166666666666,1,0.0,0.0,0.0
2015-03-28,1651,11.5625,11.145833333333334,80.125,22.895833333333332,3,0.0,1.0,0.0
2015-03-29,875,11.304347826086957,10.08695652173913,77.44565217391305,30.77173913043478,7,0.0,1.0,0.0
2015-03-30,3370,9.625,7.395833333333333,64.5625,26.333333333333332,2,0.0,0.0,0.0
2015-03-31,3297,10.85,9.7,55.15,41.9,3,0.0,0.0,0.0
2015-04-01,3473,8.5,4.9375,59.854166666666664,31.708333333333332,2,0.0,0.0,0.0
2015-04-02,2813,9.0625,7.125,66.35416666666667,14.8125,1,0.0,0.0,0.0
2015-04-03,1404,9.395833333333334,8.583333333333334,88.08333333333333,7.916666666666667,7,1.0,0.0,0.0
2015-04-04,1245,8.869565217391305,7.021739130434782,77.69565217391305,12.26086956521739,3,0.0,1.0,0.0
2015-04-05,2156,8.791666666666666,8.270833333333334,71.125,7.020833333333333,3,0.0,1.0,0.0
2015-04-06,3000,9.25,7.770833333333333,73.58333333333333,13.354166666666666,1,1.0,0.0,0.0
2015-04-07,3721,11.083333333333334,10.916666666666666,68.0625,6.604166666666667,1,0.0,0.0,0.0
2015-04-08,3714,11.75,11.375,73.95833333333333,11.020833333333334,1,0.0,0.0,0.0
2015-04-09,3712,10.5,9.5625,79.3125,10.5625,1,0.0,0.0,0.0
2015-04-10,3751,13.041666666666666,12.541666666666666,68.0,11.916666666666666,1,0.0,0.0,0.0
2015-04-11,2713,11.625,11.125,58.916666666666664,21.6875,1,0.0,1.0,0.0
2015-04-12,3241,11.791666666666666,10.916666666666666,58.645833333333336,20.208333333333332,1,0.0,1.0,0.0
2015-04-13,3752,11.604166666666666,11.166666666666666,68.77083333333333,9.729166666666666,4,0.0,0.0,0.0
2015-04-14,4196,15.645833333333334,14.895833333333334,60.770833333333336,17.166666666666668,1,0.0,0.0,0.0
2015-04-15,4492,17.541666666666668,17.208333333333332,51.895833333333336,14.0625,1,0.0,0.0,0.0
2015-04-16,4211,11.6875,10.895833333333334,66.95833333333333,19.625,1,0.0,0.0,0.0
2015-04-17,3868,10.583333333333334,8.916666666666666,63.625,23.645833333333332,1,0.0,0.0,0.0
2015-04-18,3099,9.645833333333334,8.145833333333334,63.875,22.583333333333332,2,0.0,1.0,0.0
2015-04-19,1874,8.416666666666666,6.666666666666667,67.8125,11.604166666666666,4,0.0,1.0,0.0
2015-04-20,4220,11.0625,10.4375,64.4375,13.854166666666666,1,0.0,0.0,0.0
2015-04-21,4628,11.375,10.854166666666666,61.604166666666664,12.75,1,0.0,0.0,0.0
2015-04-22,4443,10.395833333333334,9.479166666666666,72.47916666666667,16.854166666666668,1,0.0,0.0,0.0
2015-04-23,4267,10.395833333333334,9.020833333333334,71.66666666666667,13.208333333333334,1,0.0,0.0,0.0
2015-04-24,4069,13.020833333333334,12.6875,68.64583333333333,14.166666666666666,1,0.0,0.0,0.0
2015-04-25,2710,14.145833333333334,14.145833333333334,75.14583333333333,18.395833333333332,7,0.0,1.0,0.0
2015-04-26,1803,9.645833333333334,8.291666666666666,83.33333333333333,11.1875,3,0.0,1.0,0.0
2015-04-27,4437,9.270833333333334,8.375,55.583333333333336,10.479166666666666,1,0.0,0.0,0.0
2015-04-28,4453,9.708333333333334,7.875,53.479166666666664,23.041666666666668,1,0.0,0.0,0.0
2015-04-29,4069,9.854166666666666,8.0,71.3125,18.645833333333332,1,0.0,0.0,0.0
2015-04-30,4283,10.75,9.4375,57.75,18.291666666666668,1,0.0,0.0,0.0
2015-05-01,3791,9.083333333333334,7.229166666666667,64.25,18.875,2,0.0,0.0,0.0
2015-05-02,2175,9.75,8.4375,74.52083333333333,21.0625,1,0.0,1.0,0.0
2015-05-03,2276,14.5625,14.5,80.375,21.75,3,0.0,1.0,0.0
2015-05-04,3057,14.604166666666666,14.604166666666666,67.20833333333333,18.8125,2,1.0,0.0,0.0
2015-05-05,3516,14.645833333333334,14.645833333333334,69.35416666666667,31.041666666666668,2,0.0,0.0,0.0
2015-05-06,3911,12.5,12.25,70.54166666666667,32.166666666666664,7,0.0,0.0,0.0
2015-05-07,4098,13.166666666666666,13.104166666666666,62.3125,19.625,2,0.0,0.0,0.0
2015-05-08,3744,13.083333333333334,12.979166666666666,71.16666666666667,12.104166666666666,1,0.0,0.0,0.0
2015-05-09,2718,14.8125,14.8125,59.395833333333336,26.270833333333332,3,0.0,1.0,0.0
2015-05-10,3270,14.770833333333334,14.645833333333334,66.58333333333333,13.6875,2,0.0,1.0,0.0
2015-05-11,4227,17.333333333333332,17.333333333333332,64.52083333333333,17.25,1,0.0,0.0,0.0
2015-05-12,4413,14.5625,14.5625,53.416666666666664,23.229166666666668,1,0.0,0.0,0.0
2015-05-13,4675,13.75,13.354166666666666,56.479166666666664,11.666666666666666,1,0.0,0.0,0.0
2015-05-14,3612,9.895833333333334,7.895833333333333,84.95833333333333,21.375,7,0.0,0.0,0.0
2015-05-15,4101,11.791666666666666,11.020833333333334,69.54166666666667,14.0625,2,0.0,0.0,0.0
2015-05-16,3140,15.145833333333334,15.145833333333334,59.875,19.916666666666668,1,0.0,1.0,0.0
2015-05-17,3124,13.583333333333334,13.25,56.395833333333336,17.166666666666668,1,0.0,1.0,0.0
2015-05-18,3508,12.416666666666666,11.979166666666666,68.29166666666667,25.104166666666668,2,0.0,0.0,0.0
2015-05-19,4379,10.916666666666666,9.5,63.125,24.270833333333332,2,0.0,0.0,0.0
2015-05-20,4428,11.520833333333334,10.458333333333334,61.1875,18.6875,1,0.0,0.0,0.0
2015-05-21,4395,14.625,14.020833333333334,53.020833333333336,15.75,1,0.0,0.0,0.0
2015-05-22,3966,15.6875,15.395833333333334,65.70833333333333,13.666666666666666,1,0.0,0.0,0.0
2015-05-23,2031,14.666666666666666,14.666666666666666,68.9375,15.020833333333334,3,0.0,1.0,0.0
2015-05-24,2899,15.791666666666666,15.791666666666666,64.3125,11.479166666666666,3,0.0,1.0,0.0
2015-05-25,2799,13.75,13.75,60.875,13.604166666666666,2,1.0,0.0,0.0
2015-05-26,4018,14.916666666666666,14.916666666666666,60.0625,14.604166666666666,1,0.0,0.0,0.0
2015-05-27,4348,14.791666666666666,14.541666666666666,56.416666666666664,16.6875,1,0.0,0.0,0.0
2015-05-28,4302,15.041666666666666,15.041666666666666,49.9375,23.208333333333332,1,0.0,0.0,0.0
2015-05-29,3904,12.375,12.375,64.04166666666667,22.208333333333332,2,0.0,0.0,0.0
2015-05-30,2715,13.083333333333334,12.416666666666666,57.770833333333336,17.833333333333332,1,0.0,1.0,0.0
2015-05-31,1372,13.854166666666666,13.854166666666666,72.875,22.333333333333332,7,0.0,1.0,0.0
2015-06-01,4183,12.104166666666666,11.4375,62.833333333333336,23.645833333333332,2,0.0,0.0,1.0
2015-06-02,3700,15.666666666666666,15.666666666666666,75.02083333333333,33.520833333333336,3,0.0,0.0,1.0
2015-06-03,4607,16.125,16.125,53.0625,17.583333333333332,1,0.0,0.0,1.0
2015-06-04,4581,17.0,16.833333333333332,56.333333333333336,12.854166666666666,1,0.0,0.0,1.0
2015-06-05,3995,19.833333333333332,19.833333333333332,63.5,19.452380952380953,1,0.0,0.0,1.0
2015-06-06,2969,15.270833333333334,15.229166666666666,51.1875,23.791666666666668,1,0.0,1.0,1.0
2015-06-07,3307,15.0,14.916666666666666,55.979166666666664,12.520833333333334,1,0.0,1.0,1.0
2015-06-08,4507,13.604166666666666,13.541666666666666,63.854166666666664,13.541666666666666,1,0.0,0.0,1.0
2015-06-09,4615,12.041666666666666,11.3125,59.1875,21.020833333333332,2,0.0,0.0,1.0
2015-06-10,4694,13.979166666666666,13.8125,57.833333333333336,21.958333333333332,2,0.0,0.0,1.0
2015-06-11,4723,16.8125,16.6875,63.104166666666664,20.416666666666668,1,0.0,0.0,1.0
2015-06-12,4212,18.75,18.75,69.58333333333333,12.208333333333334,1,0.0,0.0,1.0
2015-06-13,2641,17.458333333333332,17.458333333333332,77.35416666666667,18.333333333333332,4,0.0,1.0,1.0
2015-06-14,2567,14.854166666666666,14.854166666666666,78.5,13.145833333333334,3,0.0,1.0,1.0
2015-06-15,4447,14.270833333333334,14.270833333333334,64.70833333333333,16.875,2,0.0,0.0,1.0
2015-06-16,4749,17.041666666666668,16.895833333333332,58.541666666666664,8.125,1,0.0,0.0,1.0
2015-06-17,4803,19.645833333333332,19.645833333333332,65.54166666666667,21.916666666666668,1,0.0,0.0,1.0
2015-06-18,4622,17.875,17.875,57.25,18.083333333333332,1,0.0,0.0,1.0
2015-06-19,4137,16.354166666666668,16.354166666666668,58.541666666666664,16.020833333333332,2,0.0,0.0,1.0
2015-06-20,2533,16.645833333333332,16.645833333333332,74.8125,9.75,3,0.0,1.0,1.0
2015-06-21,2861,17.458333333333332,17.458333333333332,62.6875,23.041666666666668,3,0.0,1.0,1.0
2015-06-22,3867,14.6875,14.6875,70.85416666666667,20.916666666666668,2,0.0,0.0,1.0
2015-06-23,4685,15.8125,15.8125,60.4375,14.104166666666666,3,0.0,0.0,1.0
2015-06-24,4568,18.625,18.4375,57.208333333333336,16.083333333333332,1,0.0,0.0,1.0
2015-06-25,4543,19.645833333333332,19.583333333333332,56.979166666666664,13.541666666666666,1,0.0,0.0,1.0
2015-06-26,4009,20.604166666666668,20.604166666666668,55.25,15.916666666666666,1,0.0,0.0,1.0
2015-06-27,3172,19.541666666666668,19.208333333333332,57.354166666666664,17.0,1,0.0,1.0,1.0
2015-06-28,2506,19.125,19.125,64.25,15.333333333333334,2,0.0,1.0,1.0
2015-06-29,4727,20.583333333333332,20.458333333333332,54.645833333333336,13.416666666666666,1,0.0,0.0,1.0
2015-06-30,4930,22.375,22.0,50.354166666666664,14.895833333333334,1,0.0,0.0,1.0
2015-07-01,4779,27.375,27.4375,50.979166666666664,17.3125,1,0.0,0.0,1.0
2015-07-02,4641,22.291666666666668,22.291666666666668,64.5625,15.208333333333334,1,0.0,0.0,1.0
2015-07-03,4412,19.916666666666668,19.875,63.666666666666664,17.458333333333332,1,0.0,0.0,1.0
2015-07-04,3391,22.229166666666668,22.229166666666668,66.16666666666667,17.4375,1,0.0,1.0,1.0
2015-07-05,2990,18.645833333333332,18.604166666666668,64.66666666666667,13.729166666666666,1,0.0,1.0,1.0
2015-07-06,4549,18.979166666666668,18.729166666666668,58.979166666666664,15.479166666666666,1,0.0,0.0,1.0
2015-07-07,4867,19.458333333333332,19.354166666666668,58.125,21.520833333333332,1,0.0,0.0,1.0
2015-07-08,5560,17.8125,17.8125,62.4375,23.833333333333332,3,0.0,0.0,1.0
2015-07-09,7860,17.791666666666668,17.541666666666668,48.979166666666664,12.979166666666666,1,0.0,0.0,1.0
2015-07-10,4496,20.833333333333332,20.333333333333332,47.229166666666664,12.854166666666666,1,0.0,0.0,1.0
2015-07-11,3708,21.375,21.291666666666668,54.229166666666664,17.416666666666668,1,0.0,1.0,1.0
2015-07-12,2430,18.520833333333332,18.520833333333332,75.47916666666667,21.6875,3,0.0,1.0,1.0
2015-07-13,3793,18.956521739130434,18.956521739130434,81.45652173913044,20.043478260869566,3,0.0,0.0,1.0
2015-07-14,4600,19.416666666666668,19.416666666666668,76.64583333333333,15.979166666666666,3,0.0,0.0,1.0
2015-07-15,4188,19.645833333333332,19.645833333333332,76.91666666666667,12.0,3,0.0,0.0,1.0
2015-07-16,4686,19.916666666666668,19.916666666666668,65.47916666666667,22.041666666666668,3,0.0,0.0,1.0
2015-07-17,4204,20.4375,20.4375,62.708333333333336,19.958333333333332,2,0.0,0.0,1.0
2015-07-18,3491,18.708333333333332,18.458333333333332,53.958333333333336,17.583333333333332,1,0.0,1.0,1.0
2015-07-19,3286,20.0,19.708333333333332,49.291666666666664,18.979166666666668,1,0.0,1.0,1.0
2015-07-20,4223,19.142857142857142,19.142857142857142,77.88095238095238,13.357142857142858,3,0.0,0.0,1.0
2015-07-21,4753,20.395833333333332,20.395833333333332,58.354166666666664,22.395833333333332,1,0.0,0.0,1.0
2015-07-22,4654,19.333333333333332,19.229166666666668,60.958333333333336,17.75,2,0.0,0.0,1.0
2015-07-23,4536,18.166666666666668,18.125,56.520833333333336,13.5625,1,0.0,0.0,1.0
2015-07-24,3524,15.854166666666666,15.854166666666666,75.41666666666667,11.458333333333334,7,0.0,0.0,1.0
2015-07-25,3105,16.6875,16.6875,61.708333333333336,19.916666666666668,1,0.0,1.0,1.0
2015-07-26,1069,15.458333333333334,15.458333333333334,77.625,16.25,1,0.0,1.0,1.0
2015-07-27,3903,17.770833333333332,17.770833333333332,67.1875,28.208333333333332,3,0.0,0.0,1.0
2015-07-28,4471,17.125,17.125,58.791666666666664,27.854166666666668,2,0.0,0.0,1.0
2015-07-29,4457,15.833333333333334,15.833333333333334,60.895833333333336,19.666666666666668,2,0.0,0.0,1.0
2015-07-30,4268,15.9375,15.9375,60.208333333333336,14.854166666666666,2,0.0,0.0,1.0
2015-07-31,3993,16.958333333333332,16.895833333333332,58.645833333333336,8.1875,1,0.0,0.0,1.0
2015-08-01,4175,17.666666666666668,17.5625,55.6875,12.604166666666666,1,0.0,1.0,1.0
2015-08-02,3881,19.791666666666668,19.541666666666668,57.770833333333336,12.5,1,0.0,1.0,1.0
2015-08-03,4179,19.833333333333332,19.833333333333332,68.25,17.625,1,0.0,0.0,1.0
2015-08-04,4611,18.270833333333332,18.25,61.0,22.916666666666668,1,0.0,0.0,1.0
2015-08-05,4436,18.375,18.354166666666668,64.5625,11.0625,1,0.0,0.0,1.0
2015-08-06,7208,19.4375,19.4375,67.70833333333333,14.895833333333334,1,0.0,0.0,1.0
2015-08-07,4300,19.520833333333332,19.520833333333332,62.708333333333336,8.958333333333334,2,0.0,0.0,1.0
2015-08-08,3556,19.729166666666668,19.729166666666668,69.4375,11.041666666666666,1,0.0,1.0,1.0
2015-08-09,3688,21.25,21.104166666666668,55.8125,12.270833333333334,1,0.0,1.0,1.0
2015-08-10,4269,20.333333333333332,20.333333333333332,74.02083333333333,18.104166666666668,3,0.0,0.0,1.0
2015-08-11,4384,18.3125,18.3125,64.5625,7.4375,2,0.0,0.0,1.0
2015-08-12,4282,18.541666666666668,18.541666666666668,70.39583333333333,16.770833333333332,3,0.0,0.0,1.0
2015-08-13,3923,18.9375,18.9375,83.89583333333333,15.145833333333334,4,0.0,0.0,1.0
2015-08-14,3528,19.020833333333332,19.020833333333332,85.60416666666667,12.541666666666666,3,0.0,0.0,1.0
2015-08-15,3091,17.583333333333332,17.583333333333332,63.291666666666664,13.5,1,0.0,1.0,1.0
2015-08-16,2828,16.8125,16.8125,63.416666666666664,7.0,1,0.0,1.0,1.0
2015-08-17,4263,17.8125,17.8125,55.770833333333336,9.666666666666666,1,0.0,0.0,1.0
2015-08-18,4418,17.625,17.625,59.520833333333336,16.145833333333332,1,0.0,0.0,1.0
2015-08-19,4502,17.9375,17.9375,68.5,15.083333333333334,2,0.0,0.0,1.0
2015-08-20,4002,19.041666666666668,19.041666666666668,81.375,13.8125,3,0.0,0.0,1.0
2015-08-21,3950,22.104166666666668,22.104166666666668,68.91666666666667,14.5625,2,0.0,0.0,1.0
2015-08-22,3999,23.208333333333332,23.1875,62.770833333333336,12.291666666666666,1,0.0,1.0,1.0
2015-08-23,2579,19.5,19.5,68.0,16.854166666666668,1,0.0,1.0,1.0
2015-08-24,3077,15.833333333333334,15.833333333333334,87.45833333333333,13.375,7,0.0,0.0,1.0
2015-08-25,4440,16.208333333333332,16.208333333333332,79.33333333333333,20.104166666666668,2,0.0,0.0,1.0
2015-08-26,3629,18.25,18.25,80.72916666666667,21.979166666666668,7,0.0,0.0,1.0
2015-08-27,3846,16.770833333333332,16.770833333333332,73.04166666666667,17.5,2,0.0,0.0,1.0
2015-08-28,3486,16.958333333333332,16.958333333333332,66.9375,15.8125,1,0.0,0.0,1.0
2015-08-29,2524,18.291666666666668,18.270833333333332,72.72916666666667,7.770833333333333,1,0.0,1.0,1.0
2015-08-30,2257,17.833333333333332,17.833333333333332,80.3125,10.479166666666666,3,0.0,1.0,1.0
2015-08-31,1001,15.479166666666666,15.479166666666666,89.54166666666667,10.4375,7,1.0,0.0,1.0
2015-09-01,3658,15.479166666666666,15.479166666666666,79.83333333333333,9.5,3,0.0,0.0,2.0
2015-09-02,4271,14.6875,14.6875,73.25,10.229166666666666,2,0.0,0.0,2.0
2015-09-03,4324,13.9375,13.9375,68.75,12.958333333333334,2,0.0,0.0,2.0
2015-09-04,3964,14.291666666666666,14.291666666666666,65.33333333333333,13.125,2,0.0,0.0,2.0
2015-09-05,1994,13.4375,13.4375,71.47916666666667,11.291666666666666,4,0.0,1.0,2.0
2015-09-06,2903,14.125,13.854166666666666,64.70833333333333,9.8125,1,0.0,1.0,2.0
2015-09-07,4302,14.333333333333334,14.333333333333334,72.16666666666667,9.8125,1,0.0,0.0,2.0
2015-09-08,4557,14.145833333333334,14.145833333333334,73.375,8.375,3,0.0,0.0,2.0
2015-09-09,4578,15.8125,15.8125,71.64583333333333,14.083333333333334,3,0.0,0.0,2.0
2015-09-10,4702,16.1875,16.1875,71.83333333333333,15.0,1,0.0,0.0,2.0
2015-09-11,4286,16.568181818181817,16.568181818181817,71.95454545454545,16.84090909090909,1,0.0,0.0,2.0
2015-09-12,2782,18.27777777777778,18.27777777777778,63.80555555555556,17.52777777777778,2,0.0,1.0,2.0
2015-09-13,2549,14.020833333333334,14.020833333333334,73.0,10.958333333333334,1,0.0,1.0,2.0
2015-09-14,3971,14.5,14.5,78.77083333333333,18.625,7,0.0,0.0,2.0
2015-09-15,3952,14.25,14.25,74.95833333333333,18.0,2,0.0,0.0,2.0
2015-09-16,4176,13.75,13.75,89.66666666666667,13.416666666666666,7,0.0,0.0,2.0
2015-09-17,4413,14.791666666666666,14.791666666666666,72.75,16.6875,2,0.0,0.0,2.0
2015-09-18,4009,15.0625,15.0625,78.39583333333333,9.5,2,0.0,0.0,2.0
2015-09-19,3286,15.195652173913043,15.195652173913043,70.95652173913044,6.978260869565218,1,0.0,1.0,2.0
2015-09-20,3026,15.416666666666666,15.416666666666666,73.66666666666667,11.354166666666666,1,0.0,1.0,2.0
2015-09-21,4388,14.708333333333334,14.708333333333334,83.5625,13.458333333333334,2,0.0,0.0,2.0
2015-09-22,3002,12.416666666666666,12.416666666666666,83.14583333333333,12.5625,1,0.0,0.0,2.0
2015-09-23,4553,14.125,13.916666666666666,71.45833333333333,18.291666666666668,2,0.0,0.0,2.0
2015-09-24,3732,15.583333333333334,15.583333333333334,71.6875,19.9375,2,0.0,0.0,2.0
2015-09-25,4214,13.729166666666666,13.729166666666666,67.52083333333333,10.729166666666666,1,0.0,0.0,2.0
2015-09-26,3086,13.1875,13.166666666666666,68.9375,8.5,1,0.0,1.0,2.0
2015-09-27,2866,13.645833333333334,13.583333333333334,72.58333333333333,11.645833333333334,1,0.0,1.0,2.0
2015-09-28,4498,13.979166666666666,13.979166666666666,74.1875,14.916666666666666,1,0.0,0.0,2.0
2015-09-29,4798,14.75,14.75,70.10416666666667,16.354166666666668,1,0.0,0.0,2.0
2015-09-30,4833,14.3125,14.3125,68.16666666666667,17.020833333333332,1,0.0,0.0,2.0
2015-10-01,4718,14.25,14.25,71.875,15.770833333333334,1,0.0,0.0,2.0
2015-10-02,4470,13.6875,13.6875,73.3125,10.729166666666666,1,0.0,0.0,2.0
2015-10-03,2725,12.666666666666666,12.666666666666666,81.22916666666667,5.708333333333333,3,0.0,1.0,2.0
2015-10-04,3011,13.333333333333334,13.104166666666666,72.83333333333333,9.854166666666666,2,0.0,1.0,2.0
2015-10-05,4334,15.895833333333334,15.895833333333334,87.9375,13.75,7,0.0,0.0,2.0
2015-10-06,4325,16.645833333333332,16.645833333333332,87.22916666666667,12.416666666666666,7,0.0,0.0,2.0
2015-10-07,4411,14.875,14.875,81.9375,19.083333333333332,3,0.0,0.0,2.0
2015-10-08,4684,12.395833333333334,11.8125,72.83333333333333,8.416666666666666,1,0.0,0.0,2.0
2015-10-09,4360,12.565217391304348,12.5,76.76086956521739,6.913043478260869,1,0.0,0.0,2.0
2015-10-10,2805,13.0,12.979166666666666,81.3125,11.125,2,0.0,1.0,2.0
2015-10-11,2853,12.291666666666666,12.041666666666666,72.5625,13.208333333333334,1,0.0,1.0,2.0
2015-10-12,4547,11.270833333333334,10.958333333333334,70.08333333333333,10.0,3,0.0,0.0,2.0
2015-10-13,4890,10.583333333333334,9.416666666666666,73.41666666666667,14.527777777777779,3,0.0,0.0,2.0
2015-10-14,4727,10.479166666666666,9.8125,75.04166666666667,13.5,2,0.0,0.0,2.0
2015-10-15,4546,11.229166666666666,10.5625,77.875,13.145833333333334,3,0.0,0.0,2.0
2015-10-16,4168,12.5,12.5,78.5625,16.479166666666668,3,0.0,0.0,2.0
2015-10-17,2117,12.0625,12.0625,76.75,13.75,3,0.0,1.0,2.0
2015-10-18,2251,13.041666666666666,13.041666666666666,79.72916666666667,9.145833333333334,3,0.0,1.0,2.0
2015-10-19,4275,12.729166666666666,12.729166666666666,79.1875,7.375,3,0.0,0.0,2.0
2015-10-20,4699,11.541666666666666,11.25,75.52083333333333,8.020833333333334,2,0.0,0.0,2.0
2015-10-21,2775,12.5,12.291666666666666,88.4375,15.520833333333334,7,0.0,0.0,2.0
2015-10-22,4461,13.979166666666666,13.979166666666666,69.91666666666667,16.916666666666668,3,0.0,0.0,2.0
2015-10-23,4153,12.875,12.875,65.5,7.520833333333333,4,0.0,0.0,2.0
2015-10-24,1747,12.729166666666666,12.520833333333334,77.75,10.791666666666666,7,0.0,1.0,2.0
2015-10-25,2493,9.0,7.826086956521739,75.69565217391305,8.507246376956521,1,0.0,1.0,2.0
2015-10-26,4133,11.708333333333334,11.0,85.91666666666667,13.5625,3,0.0,0.0,2.0
2015-10-27,4463,14.395833333333334,14.395833333333334,84.95833333333333,12.229166666666666,1,0.0,0.0,2.0
2015-10-28,3033,13.583333333333334,13.583333333333334,84.77083333333333,10.875,7,0.0,0.0,2.0
2015-10-29,4339,13.416666666666666,13.270833333333334,87.79166666666667,13.395833333333334,2,0.0,0.0,2.0
2015-10-30,2768,14.6875,14.6875,82.04166666666667,13.583333333333334,7,0.0,0.0,2.0
2015-10-31,3029,12.375,12.375,87.89583333333333,9.75,1,0.0,1.0,2.0
2015-11-01,2499,9.208333333333334,8.854166666666666,97.6875,5.208333333333333,4,0.0,1.0,2.0
2015-11-02,4109,10.5,10.041666666666666,95.0,9.166666666666666,4,0.0,0.0,2.0
2015-11-03,4742,11.895833333333334,11.708333333333334,88.625,9.041666666666666,3,0.0,0.0,2.0
2015-11-04,3143,13.479166666666666,13.479166666666666,88.54166666666667,8.395833333333334,2,0.0,0.0,2.0
2015-11-05,4366,15.166666666666666,15.166666666666666,87.4375,14.333333333333334,3,0.0,0.0,2.0
2015-11-06,3916,16.229166666666668,16.229166666666668,84.8125,18.125,3,0.0,0.0,2.0
2015-11-07,1331,15.770833333333334,15.770833333333334,83.64583333333333,22.895833333333332,7,0.0,1.0,2.0
2015-11-08,1846,14.166666666666666,14.0625,85.47916666666667,16.291666666666668,3,0.0,1.0,2.0
2015-11-09,4308,13.875,13.875,73.97916666666667,27.041666666666668,3,0.0,0.0,2.0
2015-11-10,4681,15.75,15.75,81.47916666666667,22.9375,3,0.0,0.0,2.0
2015-11-11,4538,14.770833333333334,14.770833333333334,71.70833333333333,20.333333333333332,3,0.0,0.0,2.0
2015-11-12,4579,14.25,14.25,81.1875,17.229166666666668,2,0.0,0.0,2.0
2015-11-13,4214,10.666666666666666,8.833333333333334,66.0,27.9375,1,0.0,0.0,2.0
2015-11-14,660,11.25,9.791666666666666,81.29166666666667,23.333333333333332,7,0.0,1.0,2.0
2015-11-15,1741,15.520833333333334,15.520833333333334,72.47916666666667,34.0625,3,0.0,1.0,2.0
2015-11-16,4086,13.645833333333334,13.645833333333334,73.625,21.875,2,0.0,0.0,2.0
2015-11-17,4243,14.772727272727273,14.772727272727273,77.38636363636364,29.204545454545453,7,0.0,0.0,2.0
2015-11-18,4455,14.027777777777779,14.027777777777779,69.5,31.666666666666668,2,0.0,0.0,2.0
2015-11-19,4204,11.583333333333334,11.1875,80.0,21.520833333333332,7,0.0,0.0,2.0
2015-11-20,3996,9.0625,6.104166666666667,67.5,22.3125,2,0.0,0.0,2.0
2015-11-21,1267,4.375,-0.375,68.02083333333333,26.25,1,0.0,1.0,2.0
2015-11-22,1443,3.5208333333333335,0.7916666666666666,74.66666666666667,10.666666666666666,1,0.0,1.0,2.0
2015-11-23,3919,5.041666666666667,2.7291666666666665,74.95833333333333,11.145833333333334,1,0.0,0.0,2.0
2015-11-24,3120,9.041666666666666,6.229166666666667,83.70833333333333,19.916666666666668,7,0.0,0.0,2.0
2015-11-25,4170,8.9375,6.9375,76.66666666666667,16.166666666666668,2,0.0,0.0,2.0
2015-11-26,4203,9.395833333333334,8.520833333333334,86.3125,7.541666666666667,3,0.0,0.0,2.0
2015-11-27,3425,11.291666666666666,10.541666666666666,83.66666666666667,20.729166666666668,3,0.0,0.0,2.0
2015-11-28,1534,8.125,5.354166666666667,69.8125,27.25,1,0.0,1.0,2.0
2015-11-29,1091,12.041666666666666,12.041666666666666,72.04166666666667,34.083333333333336,3,0.0,1.0,2.0
2015-11-30,3650,12.021739130434783,11.478260869565217,77.52173913043478,26.065217391304348,3,0.0,0.0,2.0
2015-12-01,4185,13.041666666666666,12.979166666666666,74.3125,20.25,3,0.0,0.0,3.0
2015-12-02,4323,13.020833333333334,13.020833333333334,72.47916666666667,20.75,2,0.0,0.0,3.0
2015-12-03,4369,12.916666666666666,12.916666666666666,76.9375,21.125,2,0.0,0.0,3.0
2015-12-04,3739,11.041666666666666,9.979166666666666,70.27083333333333,25.0625,2,0.0,0.0,3.0
2015-12-05,1480,12.645833333333334,12.645833333333334,66.27083333333333,36.833333333333336,2,0.0,1.0,3.0
2015-12-06,1491,13.4375,13.4375,80.27083333333333,23.145833333333332,3,0.0,1.0,3.0
2015-12-07,3999,13.3125,13.3125,81.54166666666667,14.479166666666666,3,0.0,0.0,3.0
2015-12-08,3002,12.270833333333334,11.708333333333334,73.75,20.75,1,0.0,0.0,3.0
2015-12-09,4208,9.583333333333334,8.458333333333334,73.89583333333333,18.270833333333332,1,0.0,0.0,3.0
2015-12-10,4091,11.541666666666666,11.375,77.89583333333333,22.4375,3,0.0,0.0,3.0
2015-12-11,3452,10.083333333333334,8.875,76.04166666666667,20.375,3,0.0,0.0,3.0
2015-12-12,1409,11.675,11.2,73.075,23.375,3,0.0,1.0,3.0
2015-12-13,1202,8.4375,6.9375,91.35416666666667,10.25,7,0.0,1.0,3.0
2015-12-14,3761,9.208333333333334,7.729166666666667,84.97916666666667,9.729166666666666,3,0.0,0.0,3.0
2015-12-15,3722,11.458333333333334,11.125,92.25,10.708333333333334,3,0.0,0.0,3.0
2015-12-16,3771,14.479166666666666,14.479166666666666,81.6875,20.458333333333332,3,0.0,0.0,3.0
2015-12-17,3910,14.3125,14.3125,72.45833333333333,18.9375,1,0.0,0.0,3.0
2015-12-18,3343,13.104166666666666,13.104166666666666,79.04166666666667,17.1875,2,0.0,0.0,3.0
2015-12-19,1653,15.375,15.375,74.54166666666667,22.333333333333332,1,0.0,1.0,3.0
2015-12-20,1333,12.770833333333334,12.541666666666666,74.29166666666667,20.375,1,0.0,1.0,3.0
2015-12-21,2615,10.875,9.6875,77.54166666666667,22.604166666666668,1,0.0,0.0,3.0
2015-12-22,2350,14.1875,14.1875,80.66666666666667,31.395833333333332,7,0.0,0.0,3.0
2015-12-23,1896,11.354166666666666,11.083333333333334,69.04166666666667,23.166666666666668,2,0.0,0.0,3.0
2015-12-24,898,10.916666666666666,9.895833333333334,68.3125,25.5625,2,0.0,0.0,3.0
2015-12-25,2374,11.270833333333334,10.354166666666666,79.4375,18.041666666666668,7,1.0,0.0,3.0
2015-12-26,925,14.729166666666666,14.729166666666666,74.08333333333333,27.416666666666668,3,0.0,1.0,3.0
2015-12-27,894,14.333333333333334,14.333333333333334,81.14583333333333,22.0,3,0.0,1.0,3.0
2015-12-28,1529,11.729166666666666,11.5625,73.41666666666667,15.041666666666666,1,1.0,0.0,3.0
2015-12-29,1409,11.75,11.583333333333334,74.52083333333333,17.208333333333332,2,0.0,0.0,3.0
2015-12-30,1114,12.583333333333334,12.541666666666666,69.375,25.083333333333332,7,0.0,0.0,3.0
2015-12-31,1496,9.520833333333334,7.229166666666667,69.3125,23.395833333333332,2,0.0,0.0,3.0
2016-01-01,949,6.5,3.7291666666666665,82.5,16.729166666666668,1,1.0,0.0,3.0
2016-01-02,810,10.5,9.395833333333334,87.02083333333333,21.604166666666668,7,0.0,1.0,3.0
2016-01-03,410,8.645833333333334,6.354166666666667,83.5,16.1875,7,0.0,1.0,3.0
2016-01-04,3236,8.875,7.041666666666667,82.5625,12.5,2,0.0,0.0,3.0
2016-01-05,3725,8.979166666666666,7.895833333333333,85.66666666666667,8.4375,2,0.0,0.0,3.0
2016-01-06,3796,7.041666666666667,5.958333333333333,90.29166666666667,6.541666666666667,3,0.0,0.0,3.0
2016-01-07,2668,7.958333333333333,4.604166666666667,76.0625,24.229166666666668,7,0.0,0.0,3.0
2016-01-08,3545,7.354166666666667,5.083333333333333,77.9375,12.645833333333334,2,0.0,0.0,3.0
2016-01-09,1173,9.666666666666666,8.145833333333334,81.3125,18.041666666666668,7,0.0,1.0,3.0
2016-01-10,1752,7.25,4.166666666666667,75.375,18.916666666666668,1,0.0,1.0,3.0
2016-01-11,3289,7.041666666666667,4.229166666666667,82.60416666666667,16.520833333333332,3,0.0,0.0,3.0
2016-01-12,4007,6.1875,1.8333333333333333,77.95833333333333,27.8125,2,0.0,0.0,3.0
2016-01-13,4054,5.833333333333333,2.4791666666666665,71.47916666666667,18.104166666666668,1,0.0,0.0,3.0
2016-01-14,4039,4.479166666666667,-0.20833333333333334,73.02083333333333,25.9375,2,0.0,0.0,3.0
2016-01-15,3590,4.0,-0.2916666666666667,70.02083333333333,21.4375,2,0.0,0.0,3.0
2016-01-16,1613,3.1041666666666665,0.5625,75.625,9.5625,1,0.0,1.0,3.0
2016-01-17,1162,2.9583333333333335,0.75,80.3125,9.0625,26,0.0,1.0,3.0
2016-01-18,3765,2.9375,0.125,75.375,11.4375,2,0.0,0.0,3.0
2016-01-19,3887,1.3125,0.9583333333333334,68.52083333333333,2.7708333333333335,1,0.0,0.0,3.0
2016-01-20,3681,1.5625,0.3541666666666667,77.41666666666667,5.416666666666667,1,0.0,0.0,3.0
2016-01-21,3653,3.6875,1.1875,76.58333333333333,10.458333333333334,1,0.0,0.0,3.0
2016-01-22,2803,8.0625,5.604166666666667,79.89583333333333,15.354166666666666,1,0.0,0.0,3.0
2016-01-23,1792,8.666666666666666,6.729166666666667,83.6875,13.6875,1,0.0,1.0,3.0
2016-01-24,1850,12.4375,12.104166666666666,88.125,14.979166666666666,3,0.0,1.0,3.0
2016-01-25,3937,12.1875,11.854166666666666,72.375,19.791666666666668,1,0.0,0.0,3.0
2016-01-26,4031,10.1875,8.979166666666666,80.33333333333333,27.208333333333332,7,0.0,0.0,3.0
2016-01-27,3631,12.083333333333334,11.5625,80.10416666666667,30.541666666666668,7,0.0,0.0,3.0
2016-01-28,3880,7.875,4.625,65.64583333333333,22.270833333333332,1,0.0,0.0,3.0
2016-01-29,3452,11.791666666666666,11.625,77.9375,33.791666666666664,3,0.0,0.0,3.0
2016-01-30,1737,8.270833333333334,5.125,67.85416666666667,27.041666666666668,1,0.0,1.0,3.0
2016-01-31,1159,10.041666666666666,8.770833333333334,79.16666666666667,22.5,3,0.0,1.0,3.0
2016-02-01,3718,12.770833333333334,12.604166666666666,68.125,34.9375,3,0.0,0.0,3.0
2016-02-02,3670,9.0,5.333333333333333,61.1875,30.0625,2,0.0,0.0,3.0
2016-02-03,3823,6.229166666666667,2.5416666666666665,68.20833333333333,22.125,1,0.0,0.0,3.0
2016-02-04,3814,10.291666666666666,8.979166666666666,76.70833333333333,21.979166666666668,3,0.0,0.0,3.0
2016-02-05,3435,10.854166666666666,10.4375,78.9375,22.333333333333332,3,0.0,0.0,3.0
2016-02-06,1294,11.041666666666666,9.708333333333334,75.75,31.083333333333332,3,0.0,1.0,3.0
2016-02-07,1684,8.23913043478261,4.586956521739131,71.0,27.41304347826087,2,0.0,1.0,3.0
2016-02-08,3577,8.833333333333334,4.388888888888889,63.166666666666664,41.388888888888886,3,0.0,0.0,3.0
2016-02-09,3851,6.333333333333333,2.6458333333333335,68.25,21.375,2,0.0,0.0,3.0
2016-02-10,3455,6.604166666666667,3.3541666666666665,71.83333333333333,18.708333333333332,3,0.0,0.0,3.0
2016-02-11,3881,5.208333333333333,3.1458333333333335,72.625,9.0625,2,0.0,0.0,3.0
2016-02-12,3501,4.75,1.9583333333333333,83.91666666666667,13.041666666666666,3,0.0,0.0,3.0
2016-02-13,834,4.25,0.6666666666666666,85.5625,18.4375,7,0.0,1.0,3.0
2016-02-14,1443,4.4375,1.0625,72.875,15.979166666666666,1,0.0,1.0,3.0
2016-02-15,3352,3.6666666666666665,0.0625,75.45833333333333,16.3125,2,0.0,0.0,3.0
2016-02-16,3552,3.6666666666666665,1.8125,76.45833333333333,9.25,1,0.0,0.0,3.0
2016-02-17,3635,4.8125,2.0416666666666665,76.52083333333333,12.375,3,0.0,0.0,3.0
2016-02-18,3380,5.270833333333333,2.5625,71.95833333333333,13.208333333333334,2,0.0,0.0,3.0
2016-02-19,3214,6.208333333333333,2.875,78.95833333333333,19.541666666666668,1,0.0,0.0,3.0
2016-02-20,1350,11.173913043478262,10.08695652173913,80.82608695652173,27.956521739130434,7,0.0,1.0,3.0
2016-02-21,1504,13.208333333333334,13.208333333333334,79.1875,30.791666666666668,3,0.0,1.0,3.0
2016-02-22,3199,9.041666666666666,7.1875,73.27083333333333,16.916666666666668,7,0.0,0.0,3.0
2016-02-23,4051,6.4375,4.5,68.04166666666667,10.895833333333334,2,0.0,0.0,3.0
2016-02-24,4019,3.8333333333333335,3.1875,69.47916666666667,4.770833333333333,1,0.0,0.0,3.0
2016-02-25,3867,3.1458333333333335,1.1666666666666667,69.27083333333333,8.583333333333334,1,0.0,0.0,3.0
2016-02-26,3477,3.9166666666666665,1.4583333333333333,68.6875,11.520833333333334,1,0.0,0.0,3.0
2016-02-27,1353,4.875,1.4583333333333333,62.979166666666664,17.770833333333332,4,0.0,1.0,3.0
2016-02-28,1445,5.0625,1.375,64.29166666666667,19.604166666666668,3,0.0,1.0,3.0
2016-02-29,3775,5.5,3.6875,65.54166666666667,9.333333333333334,2,0.0,0.0,3.0
2016-03-01,3514,9.354166666666666,7.166666666666667,80.02083333333333,25.333333333333332,3,0.0,0.0,0.0
2016-03-02,3542,6.3125,1.7916666666666667,72.1875,31.0,2,0.0,0.0,0.0
2016-03-03,3794,7.020833333333333,3.5625,67.64583333333333,21.791666666666668,2,0.0,0.0,0.0
2016-03-04,3530,6.083333333333333,3.1875,65.875,16.854166666666668,2,0.0,0.0,0.0
2016-03-05,1083,3.7916666666666665,0.6666666666666666,80.08333333333333,14.708333333333334,1,0.0,1.0,0.0
2016-03-06,1434,4.291666666666667,1.1875,74.54166666666667,14.0,2,0.0,1.0,0.0
2016-03-07,3690,4.791666666666667,1.7291666666666667,65.79166666666667,14.645833333333334,1,0.0,0.0,0.0
2016-03-08,3878,5.4375,2.625,71.39583333333333,15.0,1,0.0,0.0,0.0
2016-03-09,2888,8.020833333333334,5.229166666666667,86.83333333333333,17.0,7,0.0,0.0,0.0
2016-03-10,3518,6.791666666666667,5.375,83.39583333333333,7.520833333333333,3,0.0,0.0,0.0
2016-03-11,3472,5.104166666666667,3.7916666666666665,83.1875,7.208333333333333,1,0.0,0.0,0.0
2016-03-12,2302,6.9375,6.145833333333333,82.1875,6.229166666666667,3,0.0,1.0,0.0
2016-03-13,2511,5.333333333333333,2.7291666666666665,81.91666666666667,14.666666666666666,4,0.0,1.0,0.0
2016-03-14,3674,6.6875,3.2916666666666665,68.58333333333333,20.979166666666668,1,0.0,0.0,0.0
2016-03-15,3952,6.395833333333333,4.208333333333333,84.75,12.6875,3,0.0,0.0,0.0
2016-03-16,3979,7.291666666666667,3.75,73.85416666666667,22.083333333333332,3,0.0,0.0,0.0
2016-03-17,3948,6.416666666666667,4.416666666666667,70.79166666666667,12.166666666666666,1,0.0,0.0,0.0
2016-03-18,3406,5.666666666666667,3.125,81.5,12.354166666666666,3,0.0,0.0,0.0
2016-03-19,1629,7.208333333333333,4.395833333333333,72.0,16.1875,4,0.0,1.0,0.0
2016-03-20,1659,7.916666666666667,6.0,71.95833333333333,12.791666666666666,4,0.0,1.0,0.0
2016-03-21,3643,8.9375,8.041666666666666,68.6875,10.833333333333334,3,0.0,0.0,0.0
2016-03-22,4124,8.666666666666666,8.208333333333334,65.0625,6.0,1,0.0,0.0,0.0
2016-03-23,4093,8.8125,8.208333333333334,66.72916666666667,6.208333333333333,3,0.0,0.0,0.0
2016-03-24,3588,8.979166666666666,6.770833333333333,75.91666666666667,17.166666666666668,7,0.0,0.0,0.0
2016-03-25,2886,10.6875,9.270833333333334,66.39583333333333,14.125,1,1.0,0.0,0.0
2016-03-26,1144,10.81578947368421,9.5,79.6842105263158,22.57894736842105,3,0.0,1.0,0.0
2016-03-27,1109,9.714285714285714,7.464285714285714,72.75,29.5,7,0.0,1.0,0.0
2016-03-28,1589,8.875,5.645833333333333,72.70833333333333,34.625,7,1.0,0.0,0.0
2016-03-29,3126,8.5625,5.854166666666667,69.625,23.104166666666668,2,0.0,0.0,0.0
2016-03-30,3572,9.270833333333334,7.479166666666667,66.14583333333333,17.729166666666668,2,0.0,0.0,0.0
2016-03-31,3635,8.791666666666666,7.791666666666667,63.145833333333336,10.666666666666666,1,0.0,0.0,0.0
2016-04-01,3485,8.520833333333334,7.895833333333333,66.5,11.166666666666666,1,0.0,0.0,0.0
2016-04-02,3201,10.729166666666666,9.458333333333334,62.125,14.833333333333334,1,0.0,1.0,0.0
2016-04-03,2985,11.5625,11.041666666666666,77.54166666666667,11.3125,7,0.0,1.0,0.0
2016-04-04,3639,11.083333333333334,10.5,77.52083333333333,13.583333333333334,1,0.0,0.0,0.0
2016-04-05,4061,11.583333333333334,10.916666666666666,65.70833333333333,14.916666666666666,2,0.0,0.0,0.0
2016-04-06,3221,9.5,7.208333333333333,65.8125,26.4375,1,0.0,0.0,0.0
2016-04-07,2358,7.934782608695652,4.760869565217392,75.02173913043478,21.08695652173913,7,0.0,0.0,0.0
2016-04-08,3526,9.583333333333334,8.4375,72.41666666666667,11.1875,1,0.0,0.0,0.0
2016-04-09,1938,8.979166666666666,7.0,70.6875,15.833333333333334,2,0.0,1.0,0.0
2016-04-10,2561,8.291666666666666,6.375,67.08333333333333,20.375,1,0.0,1.0,0.0
2016-04-11,3892,11.895833333333334,11.3125,78.625,16.041666666666668,1,0.0,0.0,0.0
2016-04-12,4135,12.166666666666666,11.604166666666666,66.5,12.895833333333334,1,0.0,0.0,0.0
2016-04-13,4406,12.5625,12.354166666666666,58.916666666666664,7.020833333333333,1,0.0,0.0,0.0
2016-04-14,4358,13.166666666666666,12.958333333333334,61.479166666666664,9.958333333333334,1,0.0,0.0,0.0
2016-04-15,3054,10.604166666666666,10.125,86.14583333333333,9.270833333333334,7,0.0,0.0,0.0
2016-04-16,1513,7.041666666666667,4.354166666666667,72.875,15.75,3,0.0,1.0,0.0
2016-04-17,2761,7.583333333333333,6.395833333333333,59.083333333333336,8.645833333333334,1,0.0,1.0,0.0
2016-04-18,4163,9.520833333333334,8.354166666666666,60.8125,17.083333333333332,1,0.0,0.0,0.0
2016-04-19,4486,11.291666666666666,10.354166666666666,61.541666666666664,12.854166666666666,1,0.0,0.0,0.0
2016-04-20,4646,9.125,7.645833333333333,72.27083333333333,19.125,1,0.0,0.0,0.0
2016-04-21,4255,10.625,9.479166666666666,67.3125,20.1875,1,0.0,0.0,0.0
2016-04-22,3908,9.125,6.833333333333333,74.16666666666667,19.479166666666668,7,0.0,0.0,0.0
2016-04-23,1946,7.604166666666667,5.395833333333333,64.54166666666667,13.6875,2,0.0,1.0,0.0
2016-04-24,1881,7.270833333333333,5.041666666666667,65.54166666666667,12.854166666666666,7,0.0,1.0,0.0
2016-04-25,3942,8.041666666666666,5.729166666666667,74.20833333333333,18.270833333333332,2,0.0,0.0,0.0
2016-04-26,4413,6.291666666666667,2.625,61.625,20.9375,1,0.0,0.0,0.0
2016-04-27,4294,6.5625,4.0625,63.270833333333336,13.75,7,0.0,0.0,0.0
2016-04-28,4170,7.9375,6.166666666666667,64.1875,16.958333333333332,1,0.0,0.0,0.0
2016-04-29,3669,8.583333333333334,5.708333333333333,60.4375,24.229166666666668,1,0.0,0.0,0.0
2016-04-30,2253,9.083333333333334,7.958333333333333,55.979166666666664,12.270833333333334,1,0.0,1.0,0.0
2016-05-01,3205,11.0,10.625,58.291666666666664,12.4375,1,0.0,1.0,0.0
2016-05-02,2283,12.708333333333334,12.583333333333334,76.125,20.770833333333332,2,1.0,0.0,0.0
2016-05-03,4298,11.708333333333334,10.854166666666666,54.375,14.645833333333334,1,0.0,0.0,0.0
2016-05-04,4743,13.270833333333334,13.0,46.916666666666664,11.0625,1,0.0,0.0,0.0
2016-05-05,4836,14.125,13.916666666666666,51.0,14.479166666666666,1,0.0,0.0,0.0
2016-05-06,4493,15.0625,14.9375,62.770833333333336,13.395833333333334,1,0.0,0.0,0.0
2016-05-07,4015,17.4375,17.375,63.354166666666664,13.3125,1,0.0,1.0,0.0
2016-05-08,4341,19.25,19.229166666666668,57.145833333333336,15.5625,1,0.0,1.0,0.0
2016-05-09,4713,17.708333333333332,17.645833333333332,65.72916666666667,16.145833333333332,1,0.0,0.0,0.0
2016-05-10,2969,15.833333333333334,15.833333333333334,91.10416666666667,14.958333333333334,7,0.0,0.0,0.0
2016-05-11,4162,16.083333333333332,16.083333333333332,91.35416666666667,9.958333333333334,7,0.0,0.0,0.0
2016-05-12,4648,17.708333333333332,17.625,69.8125,15.666666666666666,1,0.0,0.0,0.0
2016-05-13,4356,13.375,13.020833333333334,73.95833333333333,18.291666666666668,3,0.0,0.0,0.0
2016-05-14,2827,10.291666666666666,8.979166666666666,56.75,14.25,3,0.0,1.0,0.0
2016-05-15,3343,12.1875,11.958333333333334,58.270833333333336,12.395833333333334,1,0.0,1.0,0.0
2016-05-16,4629,14.166666666666666,14.104166666666666,62.1875,8.979166666666666,1,0.0,0.0,0.0
2016-05-17,5322,14.458333333333334,14.458333333333334,61.979166666666664,15.604166666666666,1,0.0,0.0,0.0
2016-05-18,4221,12.916666666666666,12.916666666666666,79.97916666666667,15.229166666666666,7,0.0,0.0,0.0
2016-05-19,4603,14.145833333333334,14.145833333333334,73.79166666666667,16.104166666666668,3,0.0,0.0,0.0
2016-05-20,4316,15.979166666666666,15.979166666666666,67.0,20.229166666666668,3,0.0,0.0,0.0
2016-05-21,2457,15.9375,15.9375,74.0625,19.25,3,0.0,1.0,0.0
2016-05-22,3153,15.166666666666666,15.166666666666666,67.47916666666667,9.416666666666666,2,0.0,1.0,0.0
2016-05-23,4640,15.145833333333334,15.145833333333334,61.604166666666664,15.166666666666666,2,0.0,0.0,0.0
2016-05-24,4935,12.9375,12.729166666666666,63.770833333333336,15.270833333333334,2,0.0,0.0,0.0
2016-05-25,4600,11.083333333333334,10.375,73.79166666666667,11.3125,3,0.0,0.0,0.0
2016-05-26,4704,14.354166666666666,14.354166666666666,68.72916666666667,9.833333333333334,1,0.0,0.0,0.0
2016-05-27,4057,15.104166666666666,15.104166666666666,71.5,15.604166666666666,1,0.0,0.0,0.0
2016-05-28,2965,14.354166666666666,14.3125,77.33333333333333,11.270833333333334,2,0.0,1.0,0.0
2016-05-29,2900,13.875,13.75,76.91666666666667,14.25,3,0.0,1.0,0.0
2016-05-30,2224,14.416666666666666,14.416666666666666,75.25,19.9375,3,1.0,0.0,0.0
2016-05-31,2706,12.5,12.5,84.97916666666667,23.604166666666668,3,0.0,0.0,0.0
2016-06-01,3582,12.75,12.75,89.25,17.583333333333332,3,0.0,0.0,1.0
2016-06-02,3888,11.375,11.291666666666666,83.25,20.020833333333332,3,0.0,0.0,1.0
2016-06-03,3555,11.291666666666666,10.5,84.89583333333333,12.270833333333334,3,0.0,0.0,1.0
2016-06-04,2620,15.145833333333334,15.145833333333334,87.14583333333333,8.604166666666666,3,0.0,1.0,1.0
2016-06-05,3863,16.416666666666668,16.416666666666668,79.14583333333333,12.0,3,0.0,1.0,1.0
2016-06-06,4752,15.895833333333334,15.833333333333334,70.16666666666667,14.333333333333334,1,0.0,0.0,1.0
2016-06-07,4984,17.5,17.5,72.20833333333333,8.458333333333334,1,0.0,0.0,1.0
2016-06-08,4672,18.479166666666668,18.479166666666668,73.29166666666667,7.375,7,0.0,0.0,1.0
2016-06-09,4753,15.604166666666666,15.604166666666666,75.375,11.354166666666666,1,0.0,0.0,1.0
2016-06-10,4421,17.645833333333332,17.583333333333332,64.22916666666667,10.020833333333334,1,0.0,0.0,1.0
2016-06-11,2813,18.166666666666668,18.166666666666668,73.5,7.0625,7,0.0,1.0,1.0
2016-06-12,1788,17.208333333333332,17.208333333333332,81.58333333333333,11.541666666666666,2,0.0,1.0,1.0
2016-06-13,4305,16.6875,16.6875,81.25,15.3125,3,0.0,0.0,1.0
2016-06-14,4469,16.166666666666668,16.166666666666668,81.125,16.875,7,0.0,0.0,1.0
2016-06-15,4818,16.479166666666668,16.479166666666668,68.14583333333333,15.916666666666666,2,0.0,0.0,1.0
2016-06-16,3939,16.020833333333332,16.020833333333332,75.5625,10.645833333333334,3,0.0,0.0,1.0
2016-06-17,3816,15.520833333333334,15.520833333333334,80.89583333333333,10.0,2,0.0,0.0,1.0
2016-06-18,2582,14.895833333333334,14.895833333333334,76.1875,11.208333333333334,3,0.0,1.0,1.0
2016-06-19,3359,16.958333333333332,16.958333333333332,72.6875,16.375,3,0.0,1.0,1.0
2016-06-20,3735,18.0625,18.0625,80.6875,20.375,7,0.0,0.0,1.0
2016-06-21,4908,18.770833333333332,18.770833333333332,65.66666666666667,16.125,2,0.0,0.0,1.0
2016-06-22,4455,19.145833333333332,19.145833333333332,78.91666666666667,11.270833333333334,3,0.0,0.0,1.0
2016-06-23,2865,19.9375,19.9375,89.95833333333333,10.604166666666666,7,0.0,0.0,1.0
2016-06-24,3966,19.444444444444443,19.444444444444443,59.0,21.666666666666668,2,0.0,0.0,1.0
2016-06-25,2524,16.0625,16.0625,73.45833333333333,13.5625,7,0.0,1.0,1.0
2016-06-26,3148,16.604166666666668,16.604166666666668,71.14583333333333,19.270833333333332,2,0.0,1.0,1.0
2016-06-27,4248,18.0625,18.0625,68.95833333333333,16.041666666666668,1,0.0,0.0,1.0
2016-06-28,4876,16.604166666666668,16.604166666666668,63.041666666666664,12.270833333333334,1,0.0,0.0,1.0
2016-06-29,4731,15.4375,15.4375,78.27083333333333,23.020833333333332,3,0.0,0.0,1.0
2016-06-30,4444,17.25,17.25,74.0625,18.416666666666668,2,0.0,0.0,1.0
2016-07-01,3129,16.770833333333332,16.770833333333332,73.29166666666667,22.270833333333332,3,0.0,0.0,1.0
2016-07-02,3096,15.479166666666666,15.479166666666666,65.8125,23.75,2,0.0,1.0,1.0
2016-07-03,3055,16.854166666666668,16.854166666666668,65.64583333333333,14.4375,1,0.0,1.0,1.0
2016-07-04,4493,17.458333333333332,17.458333333333332,71.9375,15.520833333333334,3,0.0,0.0,1.0
2016-07-05,4919,18.041666666666668,18.041666666666668,63.354166666666664,19.479166666666668,3,0.0,0.0,1.0
2016-07-06,5064,17.729166666666668,17.625,53.541666666666664,9.604166666666666,1,0.0,0.0,1.0
2016-07-07,4911,19.333333333333332,19.3125,59.895833333333336,14.375,1,0.0,0.0,1.0
2016-07-08,4186,19.625,19.625,66.1875,23.125,2,0.0,0.0,1.0
2016-07-09,3031,20.125,20.125,67.75,19.75,1,0.0,1.0,1.0
2016-07-10,2774,19.416666666666668,19.416666666666668,72.29166666666667,22.604166666666668,2,0.0,1.0,1.0
2016-07-11,4246,18.041666666666668,18.041666666666668,73.6875,22.0,3,0.0,0.0,1.0
2016-07-12,4926,15.708333333333334,15.708333333333334,78.5,15.395833333333334,2,0.0,0.0,1.0
2016-07-13,4698,15.479166666666666,15.479166666666666,70.4375,15.145833333333334,7,0.0,0.0,1.0
2016-07-14,4691,17.208333333333332,17.208333333333332,59.104166666666664,13.458333333333334,1,0.0,0.0,1.0
2016-07-15,4150,17.395833333333332,17.395833333333332,69.54166666666667,16.708333333333332,1,0.0,0.0,1.0
2016-07-16,3573,21.645833333333332,21.666666666666668,69.875,20.666666666666668,2,0.0,1.0,1.0
2016-07-17,3267,22.979166666666668,23.0,67.25,17.854166666666668,2,0.0,1.0,1.0
2016-07-18,5112,23.5,23.375,58.520833333333336,8.3125,1,0.0,0.0,1.0
2016-07-19,5304,24.645833333333332,24.729166666666668,62.604166666666664,14.458333333333334,1,0.0,0.0,1.0
2016-07-20,5046,24.979166666666668,25.041666666666668,59.0,19.041666666666668,1,0.0,0.0,1.0
2016-07-21,4733,20.8125,20.8125,61.875,11.104166666666666,1,0.0,0.0,1.0
2016-07-22,3731,21.125,21.125,66.91666666666667,8.9375,2,0.0,0.0,1.0
2016-07-23,3451,22.125,22.125,64.33333333333333,9.979166666666666,1,0.0,1.0,1.0
2016-07-24,3607,20.770833333333332,20.770833333333332,67.5,16.625,3,0.0,1.0,1.0
2016-07-25,4825,20.4375,20.104166666666668,58.916666666666664,18.416666666666668,1,0.0,0.0,1.0
2016-07-26,4803,19.75,19.729166666666668,61.208333333333336,14.145833333333334,2,0.0,0.0,1.0
2016-07-27,4319,20.458333333333332,20.458333333333332,71.83333333333333,16.958333333333332,7,0.0,0.0,1.0
2016-07-28,4593,19.045454545454547,19.045454545454547,66.0,12.045454545454545,2,0.0,0.0,1.0
2016-07-29,3907,19.895833333333332,19.895833333333332,72.22916666666667,17.708333333333332,2,0.0,0.0,1.0
2016-07-30,4214,19.520833333333332,19.395833333333332,63.270833333333336,10.458333333333334,2,0.0,1.0,1.0
2016-07-31,4100,18.804347826086957,18.782608695652176,55.47826086956522,10.73913043478261,2,0.0,1.0,1.0
2016-08-01,4299,16.8125,16.8125,67.875,12.583333333333334,1,0.0,0.0,1.0
2016-08-02,3960,18.854166666666668,18.854166666666668,86.77083333333333,17.3125,7,0.0,0.0,1.0
2016-08-03,4712,20.666666666666668,20.666666666666668,67.64583333333333,24.708333333333332,2,0.0,0.0,1.0
2016-08-04,4614,19.229166666666668,19.166666666666668,62.958333333333336,23.833333333333332,2,0.0,0.0,1.0
2016-08-05,4467,19.67391304347826,19.5,62.369565217391305,16.0,2,0.0,0.0,1.0
2016-08-06,3678,20.5,20.5,58.729166666666664,14.354166666666666,1,0.0,1.0,1.0
2016-08-07,3555,21.645833333333332,21.645833333333332,64.6875,24.4375,2,0.0,1.0,1.0
2016-08-08,4714,18.354166666666668,18.354166666666668,54.333333333333336,21.416666666666668,1,0.0,0.0,1.0
2016-08-09,4666,16.75,16.75,52.208333333333336,16.354166666666668,1,0.0,0.0,1.0
2016-08-10,4505,16.229166666666668,16.229166666666668,59.104166666666664,14.4375,1,0.0,0.0,1.0
2016-08-11,4334,18.979166666666668,18.979166666666668,64.75,20.333333333333332,2,0.0,0.0,1.0
2016-08-12,4377,21.020833333333332,21.0,61.625,21.208333333333332,1,0.0,0.0,1.0
2016-08-13,3935,20.3125,20.3125,61.729166666666664,19.520833333333332,1,0.0,1.0,1.0
2016-08-14,4101,19.25,19.0625,53.9375,9.166666666666666,1,0.0,1.0,1.0
2016-08-15,5186,18.23913043478261,18.195652173913043,64.82608695652173,14.695652173913043,1,0.0,0.0,1.0
2016-08-16,4775,18.022727272727273,18.022727272727273,68.5909090909091,14.045454545454545,2,0.0,0.0,1.0
2016-08-17,5038,19.229166666666668,19.229166666666668,66.27083333333333,12.270833333333334,1,0.0,0.0,1.0
2016-08-18,4533,19.4375,19.333333333333332,69.08333333333333,13.25,1,0.0,0.0,1.0
2016-08-19,2928,17.854166666666668,17.854166666666668,83.66666666666667,12.541666666666666,2,0.0,0.0,1.0
2016-08-20,2523,17.9375,17.9375,70.08333333333333,26.229166666666668,2,0.0,1.0,1.0
2016-08-21,2906,18.645833333333332,18.625,68.4375,26.291666666666668,3,0.0,1.0,1.0
2016-08-22,4567,20.75,20.75,68.66666666666667,20.3125,2,0.0,0.0,1.0
2016-08-23,5008,23.145833333333332,23.041666666666668,59.979166666666664,10.291666666666666,1,0.0,0.0,1.0
2016-08-24,4984,25.479166666666668,25.5625,60.104166666666664,6.8125,1,0.0,0.0,1.0
2016-08-25,4341,23.979166666666668,24.354166666666668,66.97916666666667,8.3125,1,0.0,0.0,1.0
2016-08-26,4186,23.1875,22.979166666666668,56.125,10.166666666666666,1,0.0,0.0,1.0
2016-08-27,2834,21.25,21.25,69.25,15.208333333333334,1,0.0,1.0,1.0
2016-08-28,2219,20.020833333333332,20.020833333333332,74.5625,18.229166666666668,3,0.0,1.0,1.0
2016-08-29,3100,19.479166666666668,19.416666666666668,65.375,8.333333333333334,2,1.0,0.0,1.0
2016-08-30,4889,20.791666666666668,20.791666666666668,54.833333333333336,8.645833333333334,1,0.0,0.0,1.0
2016-08-31,4807,19.8125,19.8125,63.125,15.333333333333334,1,0.0,0.0,1.0
2016-09-01,4690,19.347826086956523,19.282608695652176,62.21739130434783,13.76086956521739,1,0.0,0.0,2.0
2016-09-03,2709,19.416666666666668,19.416666666666668,75.41666666666667,21.916666666666668,7,0.0,1.0,2.0
2016-09-04,2425,18.854166666666668,18.854166666666668,69.85416666666667,23.395833333333332,3,0.0,1.0,2.0
2016-09-05,4014,19.020833333333332,19.020833333333332,82.52083333333333,9.4375,3,0.0,0.0,2.0
2016-09-06,4787,22.1875,22.1875,79.29166666666667,10.333333333333334,3,0.0,0.0,2.0
2016-09-07,4843,22.5625,22.583333333333332,66.91666666666667,9.5625,1,0.0,0.0,2.0
2016-09-08,5027,20.1875,20.041666666666668,62.270833333333336,19.291666666666668,1,0.0,0.0,2.0
2016-09-09,4596,19.541666666666668,19.541666666666668,72.625,17.541666666666668,3,0.0,0.0,2.0
2016-09-10,1627,19.166666666666668,19.166666666666668,80.5,16.333333333333332,7,0.0,1.0,2.0
2016-09-11,4055,16.854166666666668,16.75,63.854166666666664,9.041666666666666,1,0.0,1.0,2.0
2016-09-12,4924,20.541666666666668,20.541666666666668,65.125,11.541666666666666,1,0.0,0.0,2.0
2016-09-13,5342,24.791666666666668,24.625,62.166666666666664,13.520833333333334,1,0.0,0.0,2.0
2016-09-14,5422,23.458333333333332,23.479166666666668,63.270833333333336,10.4375,1,0.0,0.0,2.0
2016-09-15,5295,22.604166666666668,22.729166666666668,66.83333333333333,9.979166666666666,1,0.0,0.0,2.0
2016-09-16,3467,17.333333333333332,17.333333333333332,79.1875,17.333333333333332,7,0.0,0.0,2.0
2016-09-17,2556,15.375,15.375,80.6875,19.875,4,0.0,1.0,2.0
2016-09-18,2826,17.104166666666668,17.104166666666668,78.1875,7.75,3,0.0,1.0,2.0
2016-09-19,4708,18.104166666666668,18.104166666666668,70.10416666666667,7.333333333333333,4,0.0,0.0,2.0
2016-09-20,4934,16.833333333333332,16.833333333333332,78.41666666666667,6.416666666666667,3,0.0,0.0,2.0
2016-09-21,5188,18.104166666666668,18.041666666666668,70.25,9.354166666666666,1,0.0,0.0,2.0
2016-09-22,4992,17.416666666666668,17.416666666666668,71.33333333333333,11.604166666666666,2,0.0,0.0,2.0
2016-09-23,4533,15.729166666666666,15.729166666666666,59.4375,10.375,1,0.0,0.0,2.0
2016-09-24,3434,18.791666666666668,18.625,62.020833333333336,15.75,1,0.0,1.0,2.0
2016-09-25,2901,17.6875,17.6875,62.25,19.875,1,0.0,1.0,2.0
2016-09-26,4525,15.375,15.375,69.10416666666667,10.479166666666666,1,0.0,0.0,2.0
2016-09-27,5023,17.104166666666668,17.104166666666668,75.875,15.625,3,0.0,0.0,2.0
2016-09-28,4967,17.9375,17.9375,75.35416666666667,21.25,2,0.0,0.0,2.0
2016-09-29,4775,17.645833333333332,17.645833333333332,69.5625,24.791666666666668,2,0.0,0.0,2.0
2016-09-30,4551,15.3125,15.3125,66.58333333333333,16.791666666666668,1,0.0,0.0,2.0
2016-10-01,1969,13.020833333333334,13.020833333333334,81.6875,9.0,7,0.0,1.0,2.0
2016-10-02,2696,13.208333333333334,13.208333333333334,71.85416666666667,13.5625,2,0.0,1.0,2.0
2016-10-03,4652,13.208333333333334,13.104166666666666,69.0625,6.479166666666667,1,0.0,0.0,2.0
2016-10-04,5117,14.770833333333334,14.770833333333334,77.72916666666667,20.5625,2,0.0,0.0,2.0
2016-10-05,5322,14.270833333333334,14.270833333333334,62.6875,28.708333333333332,1,0.0,0.0,2.0
2016-10-06,5033,13.270833333333334,13.270833333333334,59.416666666666664,19.354166666666668,3,0.0,0.0,2.0
2016-10-07,4543,13.958333333333334,13.958333333333334,73.70833333333333,11.041666666666666,3,0.0,0.0,2.0
2016-10-08,2515,14.0,14.0,77.14583333333333,8.979166666666666,2,0.0,1.0,2.0
2016-10-09,2875,12.104166666666666,11.75,72.02083333333333,10.104166666666666,1,0.0,1.0,2.0
2016-10-10,4689,10.4375,9.958333333333334,75.625,9.166666666666666,1,0.0,0.0,2.0
2016-10-11,4986,10.875,10.5625,75.22916666666667,7.916666666666667,2,0.0,0.0,2.0
2016-10-12,4541,12.5625,12.541666666666666,76.83333333333333,13.666666666666666,2,0.0,0.0,2.0
2016-10-13,4196,11.25,10.541666666666666,77.45833333333333,17.354166666666668,7,0.0,0.0,2.0
2016-10-14,4312,12.0,11.979166666666666,74.64583333333333,11.270833333333334,2,0.0,0.0,2.0
2016-10-15,2742,13.208333333333334,13.208333333333334,78.25,8.75,2,0.0,1.0,2.0
2016-10-16,2055,13.916666666666666,13.645833333333334,82.875,14.4375,1,0.0,1.0,2.0
2016-10-17,4492,14.229166666666666,14.229166666666666,76.1875,14.333333333333334,1,0.0,0.0,2.0
2016-10-18,4702,12.125,12.0,68.75,24.104166666666668,1,0.0,0.0,2.0
2016-10-19,4975,11.958333333333334,11.708333333333334,69.95833333333333,18.625,2,0.0,0.0,2.0
2016-10-20,4693,11.875,11.625,77.97916666666667,13.979166666666666,3,0.0,0.0,2.0
2016-10-21,4253,11.0625,10.125,81.79166666666667,12.5625,3,0.0,0.0,2.0
2016-10-22,2513,10.5,10.166666666666666,79.60416666666667,8.3125,2,0.0,1.0,2.0
2016-10-23,2435,10.270833333333334,9.875,78.52083333333333,13.333333333333334,2,0.0,1.0,2.0
2016-10-24,3985,11.666666666666666,11.333333333333334,74.70833333333333,11.166666666666666,2,0.0,0.0,2.0
2016-10-25,4560,11.833333333333334,11.833333333333334,79.0625,5.1875,3,0.0,0.0,2.0
2016-10-26,4540,13.479166666666666,13.479166666666666,81.79166666666667,11.8125,2,0.0,0.0,2.0
2016-10-27,4357,12.854166666666666,12.6875,79.64583333333333,17.020833333333332,2,0.0,0.0,2.0
2016-10-28,4045,14.5625,14.5625,74.77083333333333,13.5,3,0.0,0.0,2.0
2016-10-29,2595,14.270833333333334,14.270833333333334,84.04166666666667,3.0833333333333335,4,0.0,1.0,2.0
2016-10-30,2247,11.144927536086957,11.10144927521739,94.17391304347827,5.094202898565217,4,0.0,1.0,2.0
2016-10-31,4460,12.708333333333334,12.666666666666666,89.29166666666667,6.4375,1,0.0,0.0,2.0
2016-11-01,4951,10.458333333333334,10.104166666666666,86.5625,8.583333333333334,3,0.0,0.0,2.0
2016-11-02,4783,8.0,6.604166666666667,70.29166666666667,9.979166666666666,1,0.0,0.0,2.0
2016-11-03,4656,7.916666666666667,6.645833333333333,72.02083333333333,9.875,1,0.0,0.0,2.0
2016-11-04,4163,9.4375,8.375,79.875,9.229166666666666,1,0.0,0.0,2.0
2016-11-05,1761,7.041666666666667,4.145833333333333,74.8125,17.104166666666668,3,0.0,1.0,2.0
2016-11-06,1507,5.645833333333333,2.0416666666666665,73.875,19.0,1,0.0,1.0,2.0
2016-11-07,2905,6.770833333333333,3.7708333333333335,76.5625,16.770833333333332,2,0.0,0.0,2.0
2016-11-08,4188,4.75,2.1041666666666665,73.95833333333333,11.104166666666666,1,0.0,0.0,2.0
2016-11-09,2704,7.645833333333333,4.666666666666667,85.29166666666667,18.875,7,0.0,0.0,2.0
2016-11-10,4289,8.083333333333334,5.541666666666667,78.70833333333333,18.041666666666668,2,0.0,0.0,2.0
2016-11-11,3971,7.333333333333333,5.666666666666667,74.27083333333333,9.479166666666666,1,0.0,0.0,2.0
2016-11-12,765,9.304347826086957,7.826086956521739,85.91304347826087,10.76086956521739,7,0.0,1.0,2.0
2016-11-13,2040,8.645833333333334,7.5,83.52083333333333,8.333333333333334,1,0.0,1.0,2.0
2016-11-14,3642,10.770833333333334,10.208333333333334,85.25,14.125,3,0.0,0.0,2.0
2016-11-15,4480,14.270833333333334,14.270833333333334,87.5625,16.833333333333332,3,0.0,0.0,2.0
2016-11-16,4596,13.083333333333334,13.020833333333334,79.83333333333333,22.6875,3,0.0,0.0,2.0
2016-11-17,4532,10.083333333333334,7.875,70.58333333333333,22.583333333333332,3,0.0,0.0,2.0
2016-11-18,3927,6.270833333333333,2.8958333333333335,71.83333333333333,19.083333333333332,1,0.0,0.0,2.0
2016-11-19,1876,5.708333333333333,2.4166666666666665,79.70833333333333,16.791666666666668,1,0.0,1.0,2.0
2016-11-20,1077,7.6875,4.666666666666667,85.0,20.458333333333332,3,0.0,1.0,2.0
2016-11-21,3321,9.979166666666666,9.0,86.41666666666667,16.729166666666668,7,0.0,0.0,2.0
2016-11-22,4248,10.4375,9.395833333333334,75.35416666666667,19.916666666666668,7,0.0,0.0,2.0
2016-11-23,4423,9.041666666666666,7.9375,84.14583333333333,10.8125,2,0.0,0.0,2.0
2016-11-24,4483,10.083333333333334,8.541666666666666,77.27083333333333,22.104166666666668,3,0.0,0.0,2.0
2016-11-25,3918,8.208333333333334,6.145833333333333,70.3125,16.020833333333332,1,0.0,0.0,2.0
2016-11-26,1896,6.333333333333333,4.979166666666667,85.5,7.833333333333333,1,0.0,1.0,2.0
2016-11-27,1470,7.541666666666667,5.791666666666667,77.75,10.729166666666666,4,0.0,1.0,2.0
2016-11-28,4291,6.791666666666667,4.0,64.64583333333333,16.479166666666668,1,0.0,0.0,2.0
2016-11-29,4185,3.0625,1.625,76.625,6.833333333333333,1,0.0,0.0,2.0
2016-11-30,4109,2.7916666666666665,0.041666666666666664,73.58333333333333,10.75,1,0.0,0.0,2.0
2016-12-01,4075,4.395833333333333,1.5208333333333333,72.95833333333333,12.458333333333334,1,0.0,0.0,3.0
2016-12-02,3748,6.875,5.729166666666667,85.08333333333333,6.583333333333333,4,0.0,0.0,3.0
2016-12-03,1717,6.5625,4.291666666666667,75.91666666666667,13.354166666666666,4,0.0,1.0,3.0
2016-12-04,1623,4.666666666666667,2.0,78.02083333333333,13.854166666666666,1,0.0,1.0,3.0
2016-12-05,3945,3.625,2.0625,90.5,7.0,1,0.0,0.0,3.0
2016-12-06,4386,7.25,6.5625,93.625,6.5,4,0.0,0.0,3.0
2016-12-07,4415,12.104166666666666,12.0625,83.5625,12.791666666666666,1,0.0,0.0,3.0
2016-12-08,4236,12.791666666666666,12.791666666666666,83.47916666666667,16.3125,3,0.0,0.0,3.0
2016-12-09,3879,13.125,13.125,85.41666666666667,14.3125,1,0.0,0.0,3.0
2016-12-10,1570,12.3125,12.0625,89.1875,15.104166666666666,4,0.0,1.0,3.0
2016-12-11,1838,8.0,5.5625,86.58333333333333,15.270833333333334,1,0.0,1.0,3.0
2016-12-12,3982,8.291666666666666,7.083333333333333,91.45833333333333,10.5625,4,0.0,0.0,3.0
2016-12-13,4258,11.625,11.375,90.75,9.958333333333334,3,0.0,0.0,3.0
2016-12-14,4162,10.291666666666666,9.479166666666666,85.16666666666667,9.854166666666666,1,0.0,0.0,3.0
2016-12-15,4198,9.0,7.520833333333333,89.54166666666667,11.75,4,0.0,0.0,3.0
2016-12-16,3687,9.541666666666666,8.5625,89.95833333333333,8.041666666666666,4,0.0,0.0,3.0
2016-12-17,1469,7.416666666666667,6.458333333333333,95.9375,6.208333333333333,4,0.0,1.0,3.0
2016-12-18,1402,8.145833333333334,7.208333333333333,90.72916666666667,6.520833333333333,4,0.0,1.0,3.0
2016-12-19,3442,7.1875,6.020833333333333,88.39583333333333,7.458333333333333,4,0.0,0.0,3.0
2016-12-20,3626,6.208333333333333,3.9583333333333335,80.02083333333333,11.208333333333334,4,0.0,0.0,3.0
2016-12-21,3047,10.3125,9.3125,83.33333333333333,17.166666666666668,3,0.0,0.0,3.0
2016-12-22,2510,8.291666666666666,6.416666666666667,80.10416666666667,12.604166666666666,1,0.0,0.0,3.0
2016-12-23,1575,9.916666666666666,8.875,84.66666666666667,21.291666666666668,1,0.0,0.0,3.0
2016-12-24,727,9.020833333333334,6.104166666666667,75.35416666666667,24.895833333333332,2,0.0,1.0,3.0
2016-12-25,3999,12.5,12.5,79.41666666666667,27.666666666666668,4,0.0,1.0,3.0
2016-12-26,1138,8.354166666666666,5.541666666666667,70.54166666666667,22.020833333333332,1,1.0,0.0,3.0
2016-12-27,1167,4.1875,2.4583333333333335,81.91666666666667,7.5,1,1.0,0.0,3.0
2016-12-28,1081,2.1666666666666665,0.020833333333333332,97.22916666666667,7.395833333333333,1,0.0,0.0,3.0
2016-12-29,1298,3.7708333333333335,2.4375,89.97916666666667,6.0625,1,0.0,0.0,3.0
2016-12-30,1017,3.2708333333333335,1.0625,98.6875,9.0,4,0.0,0.0,3.0
2016-12-31,1042,7.4375,5.041666666666667,90.95833333333333,13.3125,4,0.0,1.0,3.0
2017-01-01,933,7.0,4.4375,88.4375,14.125,7,0.0,1.0,3.0
2017-01-02,1520,3.7291666666666665,0.9375,83.14583333333333,11.166666666666666,1,1.0,0.0,3.0
2017-01-03,2904,3.3958333333333335,-0.625,81.39583333333333,18.9375,1,0.0,0.0,3.0
